Rank,Pos.Rank,yearly_id,full_name,position,lw_may_25,lw_June_01,lw_june_06,lw_june_20,lw_june27,lw_july04,difference,lw_edit,ZR_Rankings_Manual,ZR_manual_boost
1,1,2022_00-0036223,Jonathan Taylor,RB,61.1,61.1,61.1,61.1,61.1,61.1,0,61.1,1,
2,2,2022_00-0033280,Christian McCaffrey,RB,35.5,35.5,35.5,35.5,35.5,35.5,0,35.5,2,
3,3,2022_00-0032764,Derrick Henry,RB,38.2,43.6,33.5,43.6,43.6,40.5,-3.1,40.5,3,
4,4,2022_00-0034791,Nick Chubb,RB,82.6,84.8,84.8,83,87.7,87.7,0,87.7,4,
7,5,2022_00-0036893,Najee Harris,RB,60.7,66.7,70.3,70.3,70.3,70.3,0,70.3,5,
6,7,2022_00-0033906,Alvin Kamara,RB,67,67,67,70.5,73.7,71.9,-1.8,71.9,6,
5,6,2022_00-0033856,Leonard Fournette,RB,73,69.7,69.7,69.7,73,69.7,-3.3,69.7,7,
8,8,2022_00-0036275,D'Andre Swift,RB,64,64,65.7,65.7,64.6,65.7,1.1,65.7,8,
9,9,2022_00-0033897,Joe Mixon,RB,59.7,59.7,59.7,62.7,62.7,62.7,0,62.7,9,
10,10,2022_00-0033893,Dalvin Cook,RB,56.7,56.7,56.7,58.7,56.7,56.7,0,56.7,10,
11,1,2022_00-0030506,Travis Kelce,TE,26.2,26.2,26.2,27.6,27.6,27.6,0,32.6,11,5
17,11,2022_00-0033293,Aaron Jones,RB,50.1,43.2,37.3,40,42.7,42.7,0,47.7,12,5
16,12,2022_00-0033699,Austin Ekeler,RB,48.5,48.5,48.5,48.5,48.5,48.5,0,48.5,13,
15,13,2022_00-0033553,James Conner,RB,59.2,57.9,62,57.9,57.9,57,-0.9,57,14,
12,1,2022_00-0033908,Cooper Kupp,WR,80.4,83.8,83.8,80.4,80.4,80.4,0,80.4,15,
13,2,2022_00-0031381,Davante Adams,WR,67.3,67.3,67.3,67.3,67.3,65.7,-1.6,65.7,16,
14,3,2022_00-0033040,Tyreek Hill,WR,65.1,67.2,67.2,64.1,67.2,67.2,0,67.2,17,
18,4,2022_00-0036900,Ja'Marr Chase,WR,51.2,51.2,51.2,51.2,51.2,51.2,0,51.2,18,
19,5,2022_00-0036322,Justin Jefferson,WR,28.4,28.4,28.4,28.4,28.4,28.4,0,28.4,19,
20,6,2022_00-0031588,Stefon Diggs,WR,37.4,35.7,35.7,35.7,35.7,35.7,0,35.7,20,
21,2,2022_00-0034753,Mark Andrews,TE,34.4,34.4,34.4,28.7,28.7,28.7,0,33.7,21,5
24,7,2022_00-0035719,Deebo Samuel,WR,45.1,49.1,55.2,51.2,55.2,55.2,0,55.2,22,
22,8,2022_00-0036410,Tee Higgins,WR,49.5,53.9,51.5,55.9,55.9,58.1,2.2,58.1,23,
28,9,2022_00-0033536,Mike Williams,WR,43,43,56.3,55.5,55.5,55.5,0,55.5,24,
29,10,2022_00-0036358,CeeDee Lamb,WR,32.4,32.4,32.4,33.4,32.4,32.4,0,37.4,25,5
23,11,2022_00-0031408,Mike Evans,WR,47.1,43.8,43.8,47.1,47.1,37.2,-9.9,37.2,26,
35,17,2022_00-0036997,Javonte Williams,RB,26.5,28.4,31.8,34.3,34.3,34.3,0,34.3,27,
36,18,2022_00-0034844,Saquon Barkley,RB,35.7,31.9,30.2,24.7,24.7,23.2,-1.5,23.2,28,
25,14,2022_00-0035700,Josh Jacobs,RB,47,45.1,45.1,45.8,47.7,47.7,0,47.7,29,
26,12,2022_00-0036613,Jaylen Waddle,WR,42.5,42.5,42.5,42.5,42.5,42.5,0,42.5,30,
30,13,2022_00-0035676,A.J. Brown,WR,37.4,33.3,33.3,37.4,33.3,37.4,4.1,37.4,31,
41,17,2022_00-0036252,Michael Pittman,WR,30.7,30.7,37.5,37.5,38.4,44.3,5.9,44.3,32,
27,14,2022_00-0030279,Keenan Allen,WR,16.5,20.8,20.8,22.2,22.2,22.2,0,22.2,33,
32,15,2022_00-0035216,Diontae Johnson,WR,39.2,39.2,39.2,39.2,39.2,39.2,0,39.2,34,
31,16,2022_00-0035640,DK Metcalf,WR,36.6,36.6,37.3,38.4,37.3,37.3,0,37.3,35,
38,15,2022_00-0033045,Ezekiel Elliott,RB,30.9,30.9,33.7,42.9,36.2,36.2,0,36.2,36,
33,16,2022_00-0036328,Antonio Gibson,RB,41.9,41.9,41.9,36.9,36.9,36.9,0,31.9,37,-5
34,3,2022_00-0036970,Kyle Pitts,TE,24.2,23.3,22.7,22.7,22.7,22.7,0,27.7,38,5
37,4,2022_00-0031610,Darren Waller,TE,24,24,22.4,24,22.4,22.4,0,22.4,39,
39,18,2022_00-0033921,Chris Godwin,WR,25.8,32.3,34.4,25.3,25.3,18,-7.3,18,40,
40,19,2022_00-0035659,Terry McLaurin,WR,24.8,26.9,26.9,26.9,25.4,24.8,-0.6,24.8,41,
42,20,2022_00-0034827,DJ Moore,WR,27.9,27.9,27.9,27.9,27.9,27.9,0,27.9,42,
45,19,2022_00-0035685,David Montgomery,RB,15.2,19.6,19.6,19.6,19.6,19.6,0,19.6,43,
43,21,2022_00-0031236,Brandin Cooks,WR,12.4,9.4,9.4,12.6,12.6,12.6,0,12.6,44,
44,22,2022_00-0036963,Amon-Ra St. Brown,WR,24.8,23.1,24.8,24.8,24.8,19.8,-5,19.8,45,
48,23,2022_00-0036912,DeVonta Smith,WR,17.9,15.5,17.4,14.9,16.5,14.6,-1.9,14.6,46,
55,5,2022_00-0033288,George Kittle,TE,10.2,10.2,12.7,10.9,9.6,12.3,2.7,12.3,47,
46,20,2022_00-0036265,AJ Dillon,RB,25,21,21,21,21,21,0,21,48,
47,21,2022_00-0035831,James Robinson,RB,32.2,36.9,33.9,32.2,29.4,30.8,1.4,20.8,49,-10
49,22,2022_00-0036567,Elijah Mitchell,RB,17.5,17.5,17.5,19.7,19.7,21.5,1.8,21.5,50,
50,24,2022_00-0036407,Jerry Jeudy,WR,13,11.4,9.7,11.4,9.7,11.4,1.7,16.4,51,5
53,25,2022_00-0036913,Kadarius Toney,WR,24.6,28.3,28.3,28.3,28.3,27.4,-0.9,22.4,52,-5
51,26,2022_00-0036980,Elijah Moore,WR,12.3,13.5,11.7,11.9,11.7,11.7,0,11.7,53,
67,27,2022_00-0036309,Darnell Mooney,WR,6.9,8.5,11.2,7.5,11.1,11.1,0,16.1,54,5
61,30,2022_00-0031544,Amari Cooper,WR,10.3,10.3,10.3,8.3,10.3,13.6,3.3,13.6,55,
52,28,2022_00-0034764,Michael Gallup,WR,18.3,18.3,17.2,14.2,12.7,12.7,0,12.7,56,
54,29,2022_00-0034348,Courtland Sutton,WR,12.2,15.6,15.6,15.6,16.7,15.3,-1.4,15.3,57,
56,23,2022_Kenneth Walker,Kenneth Walker,RB,4.4,4.6,3.9,4.5,5,5.5,0.5,10.5,58,5
57,24,2022_Breece Hall,Breece Hall,RB,11.6,8.8,8.8,8.8,8.2,8.8,0.6,8.8,59,
58,25,2022_00-0036158,J.K. Dobbins,RB,10.5,10.5,10.5,7.9,7.9,8.7,0.8,8.7,60,
59,26,2022_00-0035243,Miles Sanders,RB,14.5,14.5,14.8,14.8,12.2,13.4,1.2,13.4,61,
60,27,2022_00-0033923,Kareem Hunt,RB,15.1,15.2,15.2,15.4,17.3,15.4,-1.9,15.4,62,
62,31,2022_00-0032765,Michael Thomas,WR,11.7,11.7,12.4,12.4,12.6,7.7,-4.9,7.7,63,
63,32,2022_Drake London,Drake London,WR,9.4,6.5,5.3,6,5.3,6,0.7,6,64,
64,33,2022_Garrett Wilson,Garrett Wilson,WR,9.8,10.5,10.5,9.9,9.9,9.9,0,9.9,65,
65,34,2022_Treylon Burks,Treylon Burks,WR,10.5,5.8,6,5.2,5.2,5.2,0,5.2,66,
66,35,2022_00-0030564,DeAndre Hopkins,WR,15.2,14.7,14.2,13,13,13,0,8,67,-5
78,36,2022_00-0036550,Rashod Bateman,WR,5.3,5.3,4.2,5.1,4.8,5.2,0.4,10.2,68,5
68,37,2022_00-0035662,Marquise Brown,WR,6.5,12.9,12.9,12.5,12.5,14.2,1.7,14.2,69,
75,38,2022_00-0034521,Allen Lazard,WR,9.3,12.8,13.7,13.7,13.1,13.1,0,13.1,70,
69,28,2022_00-0036973,Travis Etienne,RB,8.7,8.7,10,8.2,6.6,7.9,1.3,7.9,71,
70,29,2022_00-0036414,Cam Akers,RB,6.7,7.2,7.2,7.2,7.2,4.8,-2.4,4.8,72,
73,30,2022_00-0036875,Rhamondre Stevenson,RB,18.6,15.8,15.8,10,10,9.7,-0.3,9.7,73,
71,31,2022_00-0032144,Melvin Gordon,RB,9.9,9.9,11,11.4,10.3,10.3,0,10.3,74,
72,32,2022_00-0036924,Michael Carter,RB,14.1,14.6,14.6,14.6,14.2,14.2,0,14.2,75,
74,33,2022_00-0034750,Rashaad Penny,RB,8.8,9.1,8.1,8.1,8.1,9.1,1,9.1,76,
77,39,2022_00-0034960,Jakobi Meyers,WR,6.1,11.2,11.1,11.1,8.3,10.6,2.3,10.6,77,
79,40,2022_00-0030035,Adam Thielen,WR,7.9,8.9,8.9,7.8,7.8,7.8,0,7.8,78,
76,41,2022_00-0030431,Robert Woods,WR,7.8,12.1,12.1,12.1,12.1,12.5,0.4,7.5,79,-5
84,44,2022_00-0032211,Tyler Lockett,WR,5.6,7.8,7.7,6,6,5.9,-0.1,5.9,80,
80,6,2022_00-0035689,Dawson Knox,TE,6.1,7.2,7.2,8.2,8.4,6.8,-1.6,6.8,81,
81,7,2022_00-0036894,Pat Freiermuth,TE,6.4,7.1,7.1,7.1,6.4,7.1,0.7,7.1,82,
82,42,2022_00-0036326,Chase Claypool,WR,4.6,7.5,7.5,7.5,7.5,7.5,0,7.5,83,
83,43,2022_00-0036261,Brandon Aiyuk,WR,7.3,7.3,7.4,7.4,7.4,7.9,0.5,7.9,84,
85,1,2022_00-0034857,Josh Allen,QB,97.6,98,98,96.5,97.3,96.5,-0.8,96.5,85,
86,2,2022_00-0036355,Justin Herbert,QB,91.9,91.4,91.4,91.4,91.4,91.4,0,91.4,86,
87,3,2022_00-0033873,Patrick Mahomes,QB,90.4,89.5,88.1,88.1,88.8,89.5,0.7,89.5,87,
88,4,2022_00-0035228,Kyler Murray,QB,87,89,89,87,87,85.9,-1.1,85.9,88,
89,5,2022_00-0034796,Lamar Jackson,QB,87.1,87.1,87.1,87.2,88.7,87.2,-1.5,87.2,89,
90,6,2022_00-0036389,Jalen Hurts,QB,68.2,64.6,64.6,68.2,68.2,68.2,0,68.2,90,
91,34,2022_James Cook,James Cook,RB,4.9,8.8,8.7,8.7,8.7,8.7,0,8.7,91,
92,35,2022_00-0035657,Damien Harris,RB,6.2,8.2,8.2,7.2,6.2,7.1,0.9,7.1,92,
93,45,2022_Christian Watson,Christian Watson,WR,2.8,4.4,3.3,4.1,3.7,4.2,0.5,9.2,93,5
94,8,2022_00-0034351,Dallas Goedert,TE,5.1,5.1,4.1,4.1,4.1,3.9,-0.2,3.9,94,
95,9,2022_00-0035229,T.J. Hockenson,TE,3,3.3,3,2.6,2.6,2.6,0,2.6,95,
96,46,2022_00-0031428,Allen Robinson,WR,2.3,3.1,3.1,3.1,3.1,3.5,0.4,3.5,96,
122,41,2022_00-0036360,Clyde Edwards-Helaire,RB,4.1,4.4,4.9,5.8,4.9,4.9,0,4.9,97,
97,36,2022_00-0033948,Jamaal Williams,RB,5.5,10.4,10.9,9.9,8.8,8.8,0,8.8,98,
98,37,2022_00-0035250,Devin Singletary,RB,7.6,7.9,7.9,8.4,8.4,8.9,0.5,8.9,99,
99,38,2022_00-0034367,Nyheim Hines,RB,7.1,15.5,14,15.8,16.7,16.7,0,11.7,100,-5
100,39,2022_00-0034972,Alexander Mattison,RB,4.7,6.2,6.2,6.6,6.6,6.2,-0.4,6.2,101,
101,47,2022_00-0034775,Christian Kirk,WR,5.9,6,6,6,6,5.8,-0.2,5.8,102,
102,48,2022_00-0033871,Corey Davis,WR,7.5,8.6,7.5,16.7,10.7,7.5,-3.2,7.5,103,
103,49,2022_00-0033009,Tyler Boyd,WR,12.4,27.7,26.7,25.5,25.5,25.5,0,10.5,104,-15
104,50,2022_Skyy Moore,Skyy Moore,WR,5.1,4,4,4,4.1,4,-0.1,4,105,
105,51,2022_Chris Olave,Chris Olave,WR,4.1,4,9.2,9.2,8.7,8.7,0,8.7,106,
106,52,2022_00-0033857,JuJu Smith-Schuster,WR,4.8,4.8,4.8,4.7,4.7,4.7,0,4.7,107,
107,53,2022_00-0036196,Gabriel Davis,WR,4.2,3.4,4.2,3.4,4.2,4.8,0.6,4.8,108,
108,54,2022_Jameson Williams,Jameson Williams,WR,5.1,2.8,2.8,2.8,2.8,2.8,0,7.8,109,5
109,55,2022_00-0034983,Hunter Renfrow,WR,4.7,5.1,5.1,5.3,5.3,5.3,0,5.3,110,
110,7,2022_00-0037012,Trey Lance,QB,41.7,39.5,37.1,40.1,41.7,36.1,-5.6,36.1,111,
111,8,2022_00-0036945,Justin Fields,QB,38.6,27.1,22.3,22.3,22.3,22.3,0,22.3,112,
112,9,2022_00-0023459,Aaron Rodgers,QB,58.3,58.7,58.7,56.7,59.6,56.7,-2.9,56.7,113,
113,10,2022_00-0029263,Russell Wilson,QB,37.5,37.5,37.5,38.6,38.6,38.6,0,38.6,114,
114,11,2022_00-0033077,Dak Prescott,QB,76,76,76,76,76,76,0,76,115,
115,12,2022_00-0019596,Tom Brady,QB,88.2,88.6,87.5,89.8,90.4,90.4,0,90.4,116,
116,13,2022_00-0036442,Joe Burrow,QB,67.5,60.1,60.1,56.1,56.1,56.1,0,56.1,117,
117,56,2022_00-0034272,Marquez Valdes-Scantling,WR,3.9,3.1,3.1,4.4,4.4,4.4,0,4.4,118,
118,10,2022_00-0034829,Mike Gesicki,TE,15.9,14.2,14.2,15.7,15.9,14.7,-1.2,4.7,119,-10
146,11,2022_00-0036290,Cole Kmet,TE,2.7,2.7,2.7,2.7,2.6,2.8,0.2,2.8,120,
166,15,2022_00-0033757,Robert Tonyan,TE,1.5,1.5,1.5,1.2,1.2,1.2,0,1.2,121,
119,57,2022_00-0034777,DJ Chark,WR,4.4,4.2,3.8,4.7,3.1,3.5,0.4,3.5,122,
120,58,2022_00-0033932,Kenny Golladay,WR,3.8,3.8,3.8,3.8,3.8,3.8,0,3.8,123,
121,40,2022_Dameon Pierce,Dameon Pierce,RB,3.7,4.1,4.8,3.8,3.8,3.8,0,3.8,124,
163,52,2022_00-0034816,Ronald Jones,RB,2.2,2.2,1.8,1.8,2.2,2.2,0,2.2,125,
123,42,2022_00-0036919,Kenneth Gainwell,RB,3.9,5.4,4.5,3.6,3.6,3.6,0,3.6,126,
124,43,2022_00-0035664,Darrell Henderson,RB,5.9,5.9,4.2,4.8,4.2,4.8,0.6,4.8,127,
125,44,2022_Isaiah Spiller,Isaiah Spiller,RB,3.7,4.7,3.4,3.8,3.8,4.8,1,4.8,128,
126,45,2022_Tyrion Davis-Price,Tyrion Davis-Price,RB,2.1,4.3,2,1.9,2.5,1.9,-0.6,1.9,129,
127,46,2022_00-0032602,J.D. McKissic,RB,4.4,5.5,4.3,4.4,4.7,4.7,0,4.7,130,
128,47,2022_00-0034681,Chase Edmonds,RB,4.3,4.4,4.9,4.4,4.9,4.4,-0.5,4.4,131,
129,48,2022_00-0035261,Tony Pollard,RB,3.6,3.6,3.6,3.6,3.7,3.7,0,3.7,132,
130,49,2022_00-0036906,Khalil Herbert,RB,3.3,3.3,5.8,1.8,1.8,2.1,0.3,2.1,133,
131,14,2022_00-0033537,Deshaun Watson,QB,36,35.3,40.9,24.8,20.3,13.7,-6.6,13.7,134,
132,15,2022_00-0031503,Jameis Winston,QB,14.2,10.4,10.4,17.5,12.7,15.5,2.8,15.5,135,
133,16,2022_00-0036971,Trevor Lawrence,QB,33.4,33.4,38.8,34.9,32.5,32.5,0,32.5,136,
134,17,2022_00-0026498,Matthew Stafford,QB,45.4,48.8,45.4,45.8,45.4,48.8,3.4,48.8,137,
135,18,2022_00-0029604,Kirk Cousins,QB,86.2,83.9,83.9,83.9,83.9,84.7,0.8,84.7,138,
136,19,2022_00-0036212,Tua Tagovailoa,QB,39.7,43.5,23.8,23.8,23.8,23.8,0,23.8,139,
137,20,2022_00-0029701,Ryan Tannehill,QB,65.7,50.7,62,79.6,50.9,70.5,19.6,70.5,140,
138,21,2022_00-0037013,Zach Wilson,QB,8.8,7.9,7,8,7,7,0,7,141,
139,22,2022_00-0035710,Daniel Jones,QB,19.5,16.1,16.1,12.6,11.1,11.7,0.6,11.7,142,
140,23,2022_00-0031280,Derek Carr,QB,19.1,18.1,18.1,18.1,20,17.2,-2.8,17.2,143,
141,24,2022_00-0026143,Matt Ryan,QB,33.9,26.6,28.1,25.6,41.6,41.6,0,41.6,144,
142,25,2022_00-0036972,Mac Jones,QB,31.7,28.6,25.9,30.3,21.5,21.5,0,21.5,145,
143,26,2022_00-0032950,Carson Wentz,QB,20.2,14.9,17.5,9.9,17.5,15.8,-1.7,15.8,146,
144,27,2022_00-0033106,Jared Goff,QB,11.2,14.4,11.9,18.7,12.4,12.4,0,12.4,147,
145,28,2022_00-0036898,Davis Mills,QB,10.4,13.1,13.6,7.3,13.3,14.1,0.8,14.1,148,
147,12,2022_00-0034383,Dalton Schultz,TE,2.8,2.8,2.8,2.8,3.3,3.3,0,3.3,149,
148,13,2022_00-0027656,Rob Gronkowski,TE,8.3,3.5,3.5,3.5,0.9,0.4,-0.5,0.4,150,
149,59,2022_David Bell,David Bell,WR,1.4,3.5,1.9,2.7,1.6,1.6,0,1.6,151,
150,60,2022_00-0036936,Rondale Moore,WR,4.4,4.4,4.4,4.4,4.9,4.9,0,4.9,152,
151,61,2022_George Pickens,George Pickens,WR,1.8,1.8,2.7,2.7,1.3,1.6,0.3,1.6,153,
152,62,2022_Alec Pierce,Alec Pierce,WR,2.4,2.7,3.5,4,2.3,2.3,0,2.3,154,
153,63,2022_Jahan Dotson,Jahan Dotson,WR,5.1,2.5,6.4,2.8,2.8,3.7,0.9,3.7,155,
154,50,2022_Rachaad White,Rachaad White,RB,1.5,3.2,6.5,5.7,3.7,3.7,0,3.7,156,
155,51,2022_Tyler Allgeier,Tyler Allgeier,RB,1.5,2.3,2.3,2.6,2.6,2.6,0,2.6,157,
156,64,2022_00-0031235,Odell Beckham,WR,0.8,0.6,0.6,1.1,0.6,0.6,0,0.6,158,
157,65,2022_00-0033127,William Fuller,WR,0.8,0.6,0.6,0.7,0.7,0.5,-0.2,0.5,159,
158,66,2022_00-0031382,Jarvis Landry,WR,4.1,2.8,2.5,2.5,2.5,2.5,0,2.5,160,
159,14,2022_00-0030061,Zach Ertz,TE,2.4,2.4,2.4,2.2,2.2,2.2,0,2.2,161,
223,82,2022_00-0036988,Joshua Palmer,WR,0.9,1,1.5,2.5,2.5,4.3,1.8,4.3,162,
160,67,2022_00-0033375,Tim Patrick,WR,2.3,2.1,2.1,1,1,1,0,1,163,
161,68,2022_00-0036415,Van Jefferson,WR,2.6,3.9,3.9,7.8,7.2,7.8,0.6,7.8,164,
162,69,2022_00-0034411,Russell Gage,WR,4.2,3.4,3.6,3.2,3.2,3.8,0.6,3.8,165,
164,53,2022_00-0030578,Cordarrelle Patterson,RB,2.2,2.2,2.3,2.4,2.8,2.5,-0.3,2.5,166,
165,70,2022_00-0036233,Donovan Peoples-Jones,WR,1.6,1.6,2.1,1.6,1.8,1.8,0,1.8,167,
167,71,2022_00-0028002,Randall Cobb,WR,1.5,1.5,1.5,1.7,1.7,1.7,0,1.7,168,
168,72,2022_John Metchie,John Metchie,WR,1.2,1.3,1.2,1.4,1.1,1.1,0,1.1,169,
169,73,2022_00-0036991,Amari Rodgers,WR,0.7,0.7,0.7,0.7,0.7,0.7,0,0.7,170,
170,74,2022_00-0027944,Julio Jones,WR,0.6,0.7,0.8,0.8,0.8,0.8,0,0.8,171,
171,75,2022_00-0031547,DeVante Parker,WR,10.2,5.2,4.4,2.2,4.4,2.7,-1.7,2.7,172,
172,76,2022_00-0031325,Sammy Watkins,WR,0.2,0.3,0.2,0.5,0.3,0.3,0,0.3,173,
173,29,2022_Kenny Pickett,Kenny Pickett,QB,4.9,7.1,1.7,1.9,1.9,1.9,0,1.9,174,
174,30,2022_00-0032268,Marcus Mariota,QB,1.8,2.9,2.9,1.3,1.6,1.6,0,1.6,175,
175,77,2022_00-0029293,Marvin Jones,WR,2.5,3.1,4,6.5,4,6.5,2.5,6.5,176,
176,78,2022_00-0032688,Robbie Anderson,WR,1.4,3.1,3.1,1.9,1.9,3.1,1.2,3.1,177,
177,16,2022_00-0033885,David Njoku,TE,2.3,1.8,2.1,1.8,1.8,1.8,0,1.8,178,
219,93,2022_00-0033282,Curtis Samuel,WR,1.2,1,0.9,1.7,0.8,1,0.2,1,179,
178,79,2022_00-0036554,Nico Collins,WR,2.1,1.6,1.6,1.5,1.7,2,0.3,2,180,
179,17,2022_00-0036423,Albert Okwuegbunam,TE,4.6,1.9,1.9,1.9,1.9,1.9,0,1.9,181,
180,18,2022_00-0031260,Logan Thomas,TE,1.8,1.8,1.9,1.8,2.8,2.5,-0.3,2.5,182,
181,19,2022_00-0034830,Hayden Hurst,TE,0.7,1.4,0.9,0.9,1.1,0.9,-0.2,0.9,183,
182,20,2022_00-0033110,Tyler Higbee,TE,1.3,1.3,1.6,1.6,1.7,1.1,-0.6,1.1,184,
183,21,2022_00-0035644,Noah Fant,TE,2.7,1.1,1.1,1.1,1.1,1.1,0,1.1,185,
184,22,2022_Trey McBride,Trey McBride,TE,1,0.9,0.9,0.9,0.9,0.7,-0.2,0.7,186,
185,23,2022_00-0032392,Austin Hooper,TE,0.3,0.7,0.7,0.7,0.7,0.7,0,0.7,187,
186,24,2022_00-0036556,Brevin Jordan,TE,1.2,0.6,1,0.6,0.9,1,0.1,1,188,
187,25,2022_00-0032134,C.J. Uzomah,TE,0.9,0.6,1,0.5,0.5,0.5,0,0.5,189,
188,26,2022_00-0034970,Irv Smith,TE,0.5,0.6,0.6,0.6,0.6,0.8,0.2,0.8,190,
189,27,2022_00-0033895,Gerald Everett,TE,0.5,0.5,0.5,0.5,0.6,0.7,0.1,0.7,191,
190,28,2022_00-0033090,Hunter Henry,TE,0.5,0.5,0.5,0.4,0.5,0.5,0,0.5,192,
191,29,2022_00-0033881,Evan Engram,TE,0.4,0.5,0.4,0.4,0.4,0.4,0,0.4,193,
192,30,2022_00-0033217,Mo Alie-Cox,TE,0.4,0.4,0.4,0.4,0.7,0.7,0,0.7,194,
193,31,2022_00-0036422,Adam Trautman,TE,0.3,0.3,0.3,0.3,0.3,0.3,0,0.3,195,
748,32,2022_00-0022924,Ben Roethlisberger,QB,5.7,5.7,5.7,5.7,5.7,5.7,0,5.7,,
749,33,2022_00-0034855,Baker Mayfield,QB,5.2,5.2,5.2,5.2,4.7,5.2,0.5,5.2,,
747,31,2022_00-0033357,Taysom Hill,QB,14.5,8.7,8.7,8.7,8.7,4.2,-4.5,4.2,,
750,34,2022_00-0031345,Jimmy Garoppolo,QB,3.4,3.4,3.4,3.4,3.4,3.4,0,3.4,,
194,55,2022_00-0034184,Gus Edwards,RB,2.7,3,2.9,3,3,3.3,0.3,3.3,,
195,54,2022_00-0034301,Darrel Williams,RB,1.9,2.6,4.5,1.5,2.5,2.6,0.1,2.6,,
235,69,2022_00-0033951,Marlon Mack,RB,0.8,0.8,1,1.3,1.8,2.4,0.6,2.4,,
206,85,2022_00-0031941,Jamison Crowder,WR,1.3,1.3,1.3,2.4,2.2,2.4,0.2,2.4,,
211,67,2022_00-0027966,Mark Ingram,RB,1,1.2,1.2,0.7,1.6,2.3,0.7,2.3,,
197,80,2022_Jalen Tolbert,Jalen Tolbert,WR,1,2.3,2.5,2.4,2.3,2.3,0,2.3,,
751,35,2022_00-0034401,Mike White,QB,2.3,2.3,2.3,2.3,2.3,2.3,0,2.3,,
207,81,2022_00-0035140,Mecole Hardman,WR,1.9,1.2,1.6,2.1,2.7,2.3,-0.4,2.3,,
199,58,2022_00-0036251,Zack Moss,RB,1.5,2,2,2.1,2.1,2.1,0,2.1,,
198,57,2022_00-0034115,Jeff Wilson,RB,2,2,2,2,2,2,0,2,,
752,36,2022_00-0023682,Ryan Fitzpatrick,QB,2,2,2,2,2,2,0,2,,
753,37,2022_Malik Willis,Malik Willis,QB,1.9,1.9,1.9,1.9,1.9,1.9,0,1.9,,
754,38,2022_Desmond Ridder,Desmond Ridder,QB,1.9,1.9,1.9,1.9,1.9,1.9,0,1.9,,
755,39,2022_Matt Corral,Matt Corral,QB,1.9,1.9,1.9,1.9,1.9,1.9,0,1.9,,
756,40,2022_Sam Howell,Sam Howell,QB,1.9,1.9,1.9,1.9,1.9,1.9,0,1.9,,
757,41,2022_Bailey Zappe,Bailey Zappe,QB,1.9,1.9,1.9,1.9,1.9,1.9,0,1.9,,
758,42,2022_Chris Oladokun,Chris Oladokun,QB,1.9,1.9,1.9,1.9,1.9,1.9,0,1.9,,
759,43,2022_Skylar Thompson,Skylar Thompson,QB,1.9,1.9,1.9,1.9,1.9,1.9,0,1.9,,
760,44,2022_Brock Purdy,Brock Purdy,QB,1.9,1.9,1.9,1.9,1.9,1.9,0,1.9,,
761,45,2022_00-0031237,Teddy Bridgewater,QB,1.9,1.9,1.9,1.9,1.9,1.9,0,1.9,,
762,46,2022_00-0031800,Taylor Heinicke,QB,1.8,1.8,1.8,1.8,1.8,1.8,0,1.8,,
196,60,2022_00-0033118,Kenyan Drake,RB,1.8,2.3,1.8,1.8,1.8,1.8,0,1.8,,
763,47,2022_00-0027939,Cam Newton,QB,1.7,1.7,1.7,1.7,1.7,1.7,0,1.7,,
203,61,2022_00-0034440,Justin Jackson,RB,1.4,1.4,1.5,1.6,1.5,1.5,0,1.5,,
202,62,2022_00-0034414,Boston Scott,RB,1.5,1.5,1.5,1.5,1.5,1.5,0,1.5,,
764,48,2022_00-0035993,Tyler Huntley,QB,1.5,1.5,1.5,1.5,1.5,1.5,0,1.5,,
214,86,2022_Wan'Dale Robinson,Wan'Dale Robinson,WR,1.2,1.1,1.1,1.4,1.1,1.4,0.3,1.4,,
204,83,2022_00-0036219,Marquez Callaway,WR,1.4,1.4,1.4,1.4,1.4,1.4,0,1.4,,
220,65,2022_Hassan Haskins,Hassan Haskins,RB,1,1,1.2,1.2,0.9,1.3,0.4,1.3,,
205,84,2022_00-0027685,Emmanuel Sanders,WR,1.3,1.3,1.3,1.3,1.3,1.3,0,1.3,,
218,76,2022_00-0036984,Trey Sermon,RB,1.5,1,0.9,1.3,1.3,1.3,0,1.3,,
213,64,2022_Zamir White,Zamir White,RB,1.4,1.1,1.3,2.3,2.2,1.3,-0.9,1.3,,
201,59,2022_00-0035311,Myles Gaskin,RB,1.8,1.8,1.8,1.2,1.2,1.2,0,1.2,,
208,56,2022_00-0034845,Sony Michel,RB,1.2,1.2,2,2,2,1.2,-0.8,1.2,,
215,87,2022_00-0034419,Braxton Berrios,WR,1.1,1.1,1.1,1.1,1.1,1.1,0,1.1,,
766,49,2022_00-0034771,Mason Rudolph,QB,1.1,1.1,1.1,1.1,1.1,1.1,0,1.1,,
767,50,2022_00-0036264,Jordan Love,QB,1.1,1,1,1.1,1.1,1.1,0,1.1,,
221,71,2022_Brian Robinson,Brian Robinson,RB,1,1,1,1,1,1,0,1,,
224,89,2022_00-0036955,Terrace Marshall,WR,0.8,1,1,1,1,1,0,1,,
768,51,2022_00-0036825,Feleipe Franks,QB,1,1,1,1,1,1,0,1,,
769,52,2022_00-0036946,Kellen Mond,QB,1,1,1,1,1,1,0,1,,
212,72,2022_00-0035537,Ty Johnson,RB,1.5,1.1,1,1,1,1,0,1,,
216,73,2022_00-0032187,David Johnson,RB,1,1.1,1,1,1,1,0,1,,
229,92,2022_00-0035639,Parris Campbell,WR,0.9,0.9,0.9,0.7,0.7,0.9,0.2,0.9,,
226,74,2022_00-0036555,Chuba Hubbard,RB,0.9,0.9,0.9,0.9,0.9,0.9,0,0.9,,
227,91,2022_00-0035535,Darius Slayton,WR,0.9,0.9,0.9,0.9,0.9,0.9,0,0.9,,
228,75,2022_00-0036755,Jaret Patterson,RB,0.9,0.9,0.9,0.9,0.9,0.9,0,0.9,,
770,53,2022_00-0028118,Tyrod Taylor,QB,0.9,0.9,0.9,0.9,0.9,0.9,0,0.9,,
771,54,2022_00-0034438,Logan Woodside,QB,0.9,0.9,0.9,0.9,0.9,0.9,0,0.9,,
772,55,2022_00-0035289,Gardner Minshew,QB,0.9,0.9,0.9,0.9,0.9,0.9,0,0.9,,
773,56,2022_00-0030565,Geno Smith,QB,0.9,0.9,0.9,0.9,0.9,0.9,0,0.9,,
774,57,2022_00-0026625,Brian Hoyer,QB,0.9,0.9,0.9,0.9,0.9,0.9,0,0.9,,
775,58,2022_00-0034869,Sam Darnold,QB,0.9,0.9,0.9,0.9,0.9,0.9,0,0.9,,
776,59,2022_00-0020531,Drew Brees,QB,0.9,0.9,0.9,0.9,0.9,0.9,0,0.9,,
217,94,2022_00-0036268,Laviska Shenault,WR,1,1.1,0.9,0.9,1,0.9,-0.1,0.9,,
222,88,2022_00-0032385,Sterling Shepard,WR,0.9,1,1,0.9,1,0.9,-0.1,0.9,,
210,68,2022_00-0031062,James White,RB,1.2,1.2,1.1,1.4,1.2,0.9,-0.3,0.9,,
316,105,2022_00-0036857,Chris Evans,RB,0.3,0.3,0.3,0.7,0.7,0.8,0.1,0.8,,
200,63,2022_00-0031687,Raheem Mostert,RB,1.4,2,1.4,1.4,0.8,0.8,0,0.8,,
233,97,2022_00-0029000,Cole Beasley,WR,0.8,0.8,0.8,0.8,0.8,0.8,0,0.8,,
234,98,2022_00-0027793,Antonio Brown,WR,0.8,0.8,0.8,0.8,0.8,0.8,0,0.8,,
777,60,2022_00-0033275,P.J. Walker,QB,0.8,0.8,0.8,0.8,0.8,0.8,0,0.8,,
778,61,2022_00-0035704,Drew Lock,QB,0.8,0.8,0.8,0.8,0.8,0.8,0,0.8,,
779,62,2022_00-0032156,Trevor Siemian,QB,0.8,0.8,0.8,0.8,0.8,0.8,0,0.8,,
780,63,2022_00-0022787,Matt Schaub,QB,0.8,0.8,0.8,0.8,0.8,0.8,0,0.8,,
230,90,2022_00-0036412,KJ Hamler,WR,0.8,0.8,0.9,0.9,0.9,0.8,-0.1,0.8,,
209,66,2022_00-0033594,Chris Carson,RB,1.2,1.2,1.2,1.2,1.2,0.8,-0.4,0.8,,
786,69,2022_00-0032792,Nate Sudfeld,QB,0.5,0.7,0.7,0.7,0.7,0.7,0,0.7,,
232,96,2022_00-0034297,Byron Pringle,WR,0.8,0.8,0.8,0.7,0.7,0.7,0,0.7,,
236,77,2022_00-0036450,Ke'Shawn Vaughn,RB,0.7,0.7,0.7,0.7,0.7,0.7,0,0.7,,
237,78,2022_00-0033950,Wayne Gallman,RB,0.7,0.7,0.7,0.7,0.7,0.7,0,0.7,,
781,64,2022_00-0027688,Colt McCoy,QB,0.7,0.7,0.7,0.7,0.7,0.7,0,0.7,,
782,65,2022_00-0032245,Sean Mannion,QB,0.7,0.7,0.7,0.7,0.7,0.7,0,0.7,,
783,66,2022_00-0029665,Robert Griffin,QB,0.7,0.7,0.7,0.7,0.7,0.7,0,0.7,,
784,67,2022_00-0036929,Ian Book,QB,0.7,0.7,0.7,0.7,0.7,0.7,0,0.7,,
785,68,2022_00-0033662,Cooper Rush,QB,0.7,0.7,0.7,0.7,0.7,0.7,0,0.7,,
765,70,2022_00-0033869,Mitch Trubisky,QB,1.6,1.4,0.7,0.6,0.7,0.7,0,0.7,,
317,82,2022_00-0033925,D'Onta Foreman,RB,0.3,0.3,0.5,1,1,0.7,-0.3,0.7,,
238,79,2022_00-0036297,Darrynton Evans,RB,0.6,0.6,0.6,0.3,0.3,0.6,0.3,0.6,,
797,81,2022_00-0033958,Nathan Peterman,QB,0.6,0.6,0.6,0.6,0.6,0.6,0,0.6,,
231,95,2022_00-0033307,Kendrick Bourne,WR,0.8,0.8,0.8,0.6,0.6,0.6,0,0.6,,
239,99,2022_00-0036626,Dyami Brown,WR,0.6,0.6,0.6,0.6,0.6,0.6,0,0.6,,
240,80,2022_00-0033556,Tarik Cohen,RB,0.6,0.6,0.6,0.6,0.6,0.6,0,0.6,,
241,100,2022_00-0036183,Kristian Wilkerson,WR,0.6,0.6,0.6,0.6,0.6,0.6,0,0.6,,
242,101,2022_00-0034867,Malik Turner,WR,0.6,0.6,0.6,0.6,0.6,0.6,0,0.6,,
243,81,2022_00-0030288,Rex Burkhead,RB,0.5,0.6,0.6,0.6,0.6,0.6,0,0.6,,
244,102,2022_00-0036255,Denzel Mims,WR,0.5,0.6,0.6,0.6,0.6,0.6,0,0.6,,
787,71,2022_00-0023436,Alex Smith,QB,0.6,0.6,0.6,0.6,0.6,0.6,0,0.6,,
788,72,2022_00-0027948,Blaine Gabbert,QB,0.6,0.6,0.6,0.6,0.6,0.6,0,0.6,,
789,73,2022_00-0034343,Josh Rosen,QB,0.6,0.6,0.6,0.6,0.6,0.6,0,0.6,,
790,74,2022_00-0036879,Sam Ehlinger,QB,0.6,0.6,0.6,0.6,0.6,0.6,0,0.6,,
791,75,2022_00-0026158,Joe Flacco,QB,0.6,0.6,0.6,0.6,0.6,0.6,0,0.6,,
792,76,2022_00-0036384,Ben DiNucci,QB,0.6,0.6,0.6,0.6,0.6,0.6,0,0.6,,
793,77,2022_00-0034131,Kurt Benkert,QB,0.6,0.6,0.6,0.6,0.6,0.6,0,0.6,,
794,78,2022_00-0022942,Philip Rivers,QB,0.6,0.6,0.6,0.6,0.6,0.6,0,0.6,,
795,79,2022_00-0033949,Joshua Dobbs,QB,0.6,0.6,0.6,0.6,0.6,0.6,0,0.6,,
796,80,2022_00-0034577,Kyle Allen,QB,0.6,0.6,0.6,0.6,0.6,0.6,0,0.6,,
798,82,2022_00-0034899,John Wolford,QB,0.6,0.6,0.6,0.6,0.6,0.6,0,0.6,,
799,83,2022_00-0033936,C.J. Beathard,QB,0.6,0.6,0.6,0.6,0.6,0.6,0,0.6,,
800,84,2022_00-0036197,Jake Fromm,QB,0.6,0.6,0.6,0.6,0.6,0.6,0,0.6,,
801,85,2022_00-0035232,Dwayne Haskins,QB,0.5,0.6,0.6,0.6,0.6,0.6,0,0.6,,
802,86,2022_00-0032436,Jeff Driskel,QB,0.5,0.6,0.6,0.6,0.6,0.6,0,0.6,,
245,159,2022_00-0036345,K.J. Osborn,WR,0.3,0.6,0.3,0.6,0.6,0.6,0,0.6,,
255,113,2022_Jalen ilor,Jalen Nailor,WR,0.5,0.5,0.5,0.5,0.5,0.5,0,0.5,,
346,103,2022_00-0036277,Quintez Cephus,WR,0.3,0.3,0.5,0.5,0.5,0.5,0,0.5,,
246,104,2022_Erik Ezukanma,Erik Ezukanma,WR,1.1,0.5,0.5,0.5,0.5,0.5,0,0.5,,
247,105,2022_Romeo Doubs,Romeo Doubs,WR,0.5,0.5,0.5,0.5,0.5,0.5,0,0.5,,
248,106,2022_Velus Jones,Velus Jones,WR,0.5,0.5,0.5,0.5,0.5,0.5,0,0.5,,
249,107,2022_Khalil Shakir,Khalil Shakir,WR,0.5,0.5,0.5,0.5,0.5,0.5,0,0.5,,
251,109,2022_Calvin Austin,Calvin Austin,WR,0.5,0.5,0.5,0.5,0.5,0.5,0,0.5,,
252,110,2022_Danny Gray,Danny Gray,WR,0.5,0.5,0.5,0.5,0.5,0.5,0,0.5,,
253,111,2022_Kyle Philips,Kyle Philips,WR,0.5,0.5,0.5,0.5,0.5,0.5,0,0.5,,
254,112,2022_Samori Toure,Samori Toure,WR,0.5,0.5,0.5,0.5,0.5,0.5,0,0.5,,
256,114,2022_Bo Melton,Bo Melton,WR,0.5,0.5,0.5,0.5,0.5,0.5,0,0.5,,
257,115,2022_Montrell Washington,Montrell Washington,WR,0.5,0.5,0.5,0.5,0.5,0.5,0,0.5,,
258,116,2022_Michael Woods,Michael Woods,WR,0.5,0.5,0.5,0.5,0.5,0.5,0,0.5,,
259,117,2022_Dareke Young,Dareke Young,WR,0.5,0.5,0.5,0.5,0.5,0.5,0,0.5,,
260,118,2022_00-0026189,DeSean Jackson,WR,0.5,0.5,0.5,0.5,0.5,0.5,0,0.5,,
261,32,2022_00-0033879,O.J. Howard,TE,0.5,0.5,0.5,0.5,0.5,0.5,0,0.5,,
262,83,2022_00-0035628,D'Ernest Johnson,RB,0.5,0.5,0.5,0.6,0.5,0.5,0,0.5,,
263,84,2022_Pierre Strong,Pierre Strong,RB,0.5,0.5,0.5,0.5,0.5,0.5,0,0.5,,
264,85,2022_Kyren Williams,Kyren Williams,RB,0.5,0.5,0.5,0.5,0.5,0.5,0,0.5,,
265,86,2022_Snoop Conner,Snoop Conner,RB,0.5,0.5,0.5,0.5,0.5,0.5,0,0.5,,
266,87,2022_Kevin Harris,Kevin Harris,RB,0.5,0.5,0.5,0.5,0.5,0.5,0,0.5,,
267,88,2022_Tyler Badie,Tyler Badie,RB,0.5,0.5,0.5,0.5,0.5,0.5,0,0.5,,
268,89,2022_Jerome Ford,Jerome Ford,RB,0.5,0.5,0.5,0.5,0.5,0.5,0,0.5,,
269,90,2022_Isaih Pacheco,Isaih Pacheco,RB,0.5,0.5,0.5,0.5,0.5,0.5,0,0.5,,
270,91,2022_Ty Chandler,Ty Chandler,RB,0.5,0.5,0.5,0.5,0.5,0.5,0,0.5,,
271,92,2022_Trestan Ebner,Trestan Ebner,RB,0.5,0.5,0.5,0.5,0.5,0.5,0,0.5,,
272,93,2022_Brittain Brown,Brittain Brown,RB,0.5,0.5,0.5,0.5,0.5,0.5,0,0.5,,
273,94,2022_Zander Horvath,Zander Horvath,RB,0.5,0.5,0.5,0.5,0.5,0.5,0,0.5,,
274,119,2022_00-0036620,Dee Eskridge,WR,0.5,0.5,0.5,0.5,0.5,0.5,0,0.5,,
275,95,2022_00-0036269,La'Mical Perine,RB,0.5,0.5,0.5,0.5,0.5,0.5,0,0.5,,
276,96,2022_00-0030496,Le'Veon Bell,RB,0.5,0.5,0.5,0.5,0.5,0.5,0,0.5,,
803,87,2022_00-0036312,Jake Luton,QB,0.5,0.5,0.5,0.5,0.5,0.5,0,0.5,,
804,88,2022_00-0028986,Case Keenum,QB,0.5,0.5,0.5,0.5,0.5,0.5,0,0.5,,
805,89,2022_00-0026300,Josh Johnson,QB,0.5,0.5,0.5,0.5,0.5,0.5,0,0.5,,
806,90,2022_00-0034177,Tim Boyle,QB,0.5,0.5,0.5,0.5,0.5,0.5,0,0.5,,
807,91,2022_00-0035752,Chris Streveler,QB,0.5,0.5,0.5,0.5,0.5,0.5,0,0.5,,
808,92,2022_00-0035264,Jarrett Stidham,QB,0.5,0.5,0.5,0.5,0.5,0.5,0,0.5,,
809,93,2022_00-0035652,Ryan Finley,QB,0.5,0.5,0.5,0.5,0.5,0.5,0,0.5,,
810,94,2022_00-0035282,Easton Stick,QB,0.5,0.5,0.5,0.5,0.5,0.5,0,0.5,,
811,95,2022_00-0034955,Brett Rypien,QB,0.5,0.5,0.5,0.5,0.5,0.5,0,0.5,,
812,96,2022_00-0035161,John Lovett,QB,0.5,0.5,0.5,0.5,0.5,0.5,0,0.5,,
813,97,2022_00-0031288,AJ McCarron,QB,0.4,0.5,0.5,0.5,0.5,0.5,0,0.5,,
814,98,2022_00-0035146,Trace McSorley,QB,0.4,0.5,0.5,0.5,0.5,0.5,0,0.5,,
277,128,2022_00-0033943,Josh Reynolds,WR,0.4,0.5,0.4,0.5,0.5,0.5,0,0.5,,
380,52,2022_00-0037005,Tommy Tremble,TE,0.2,0.2,0.2,0.2,0.5,0.5,0,0.5,,
225,70,2022_Keaontay Ingram,Keaontay Ingram,RB,1,0.9,1,0.5,1,0.5,-0.5,0.5,,
250,108,2022_Tyquan Thornton,Tyquan Thornton,WR,0.5,0.5,0.5,1.1,1.1,0.5,-0.6,0.5,,
476,224,2022_00-0032208,Phillip Dorsett,WR,0.2,0.2,0.2,0.2,0.2,0.4,0.2,0.4,,
364,162,2022_00-0036331,Devin Duvernay,WR,0.4,0.2,0.2,0.2,0.4,0.4,0,0.4,,
432,134,2022_00-0034578,Reggie Bonnafon,RB,0.2,0.2,0.2,0.4,0.4,0.4,0,0.4,,
278,97,2022_00-0036457,Ty'Son Williams,RB,0.6,0.4,0.4,0.4,0.4,0.4,0,0.4,,
279,120,2022_00-0034765,Tre'Quan Smith,WR,0.4,0.4,0.4,0.4,0.4,0.4,0,0.4,,
280,121,2022_00-0027942,A.J. Green,WR,0.4,0.4,0.4,0.4,0.4,0.4,0,0.4,,
281,98,2022_00-0033526,Samaje Perine,RB,0.4,0.4,0.4,0.4,0.4,0.4,0,0.4,,
283,122,2022_00-0036627,Dez Fitzpatrick,WR,0.4,0.4,0.4,0.4,0.4,0.4,0,0.4,,
284,99,2022_00-0025394,Adrian Peterson,RB,0.4,0.4,0.4,0.4,0.4,0.4,0,0.4,,
285,123,2022_00-0036365,Bryan Edwards,WR,0.4,0.4,0.4,0.4,0.4,0.4,0,0.4,,
286,124,2022_00-0029664,Josh Gordon,WR,0.4,0.4,0.4,0.4,0.4,0.4,0,0.4,,
287,125,2022_00-0036572,Shi Smith,WR,0.4,0.4,0.4,0.4,0.4,0.4,0,0.4,,
288,126,2022_00-0036671,Dax Milne,WR,0.4,0.4,0.4,0.4,0.4,0.4,0,0.4,,
289,33,2022_Greg Dulcich,Greg Dulcich,TE,0.4,0.4,0.4,0.4,0.4,0.4,0,0.4,,
290,34,2022_Jelani Woods,Jelani Woods,TE,0.4,0.4,0.4,0.4,0.4,0.4,0,0.4,,
291,35,2022_Cade Otton,Cade Otton,TE,0.4,0.4,0.4,0.4,0.4,0.4,0,0.4,,
292,36,2022_Chigoziem Okonkwo,Chigoziem Okonkwo,TE,0.4,0.4,0.4,0.4,0.4,0.4,0,0.4,,
293,37,2022_Daniel Bellinger,Daniel Bellinger,TE,0.4,0.4,0.4,0.4,0.4,0.4,0,0.4,,
294,38,2022_Jeremy Ruckert,Jeremy Ruckert,TE,0.4,0.4,0.4,0.4,0.4,0.4,0,0.4,,
295,39,2022_Charlie Kolar,Charlie Kolar,TE,0.4,0.4,0.4,0.4,0.4,0.4,0,0.4,,
296,40,2022_Isaiah Likely,Isaiah Likely,TE,0.4,0.4,0.4,0.4,0.4,0.4,0,0.4,,
297,41,2022_Jake Ferguson,Jake Ferguson,TE,0.4,0.4,0.4,0.4,0.4,0.4,0,0.4,,
298,42,2022_Cole Turner,Cole Turner,TE,0.4,0.4,0.4,0.4,0.4,0.4,0,0.4,,
299,43,2022_Teagan Quitoriano,Teagan Quitoriano,TE,0.4,0.4,0.4,0.4,0.4,0.4,0,0.4,,
300,44,2022_James Mitchell,James Mitchell,TE,0.4,0.4,0.4,0.4,0.4,0.4,0,0.4,,
301,45,2022_Andrew Ogletree,Andrew Ogletree,TE,0.4,0.4,0.4,0.4,0.4,0.4,0,0.4,,
302,46,2022_Grant Calcaterra,Grant Calcaterra,TE,0.4,0.4,0.4,0.4,0.4,0.4,0,0.4,,
303,47,2022_Connor Heyward,Connor Heyward,TE,0.4,0.4,0.4,0.4,0.4,0.4,0,0.4,,
304,48,2022_John FitzPatrick,John FitzPatrick,TE,0.4,0.4,0.4,0.4,0.4,0.4,0,0.4,,
305,49,2022_Ko Kieft,Ko Kieft,TE,0.4,0.4,0.4,0.4,0.4,0.4,0,0.4,,
306,50,2022_Nick Muse,Nick Muse,TE,0.4,0.4,0.4,0.4,0.4,0.4,0,0.4,,
307,127,2022_00-0036862,Ben Skowronek,WR,0.4,0.4,0.4,0.4,0.4,0.4,0,0.4,,
815,99,2022_00-0026197,Chad Henne,QB,0.4,0.4,0.4,0.4,0.4,0.4,0,0.4,,
816,100,2022_00-0035040,David Blough,QB,0.4,0.4,0.4,0.4,0.4,0.4,0,0.4,,
817,101,2022_00-0032434,Brandon Allen,QB,0.4,0.4,0.4,0.4,0.4,0.4,0,0.4,,
818,102,2022_00-0027973,Andy Dalton,QB,0.4,0.4,0.4,0.4,0.4,0.4,0,0.4,,
819,103,2022_00-0033550,Davis Webb,QB,0.4,0.4,0.4,0.4,0.4,0.4,0,0.4,,
820,104,2022_00-0036226,Jacob Eason,QB,0.4,0.4,0.4,0.4,0.4,0.4,0,0.4,,
320,106,2022_00-0031376,Jerick McKinnon,RB,0.3,0.3,0.3,0.4,0.4,0.4,0,0.4,,
329,51,2022_00-0036876,Kylen Granson,TE,0.3,0.3,0.3,0.4,0.4,0.4,0,0.4,,
720,156,2022_00-0031273,Cameron Brate,TE,0,0.1,0.1,0.1,0.4,0.4,0,0.4,,
312,131,2022_00-0033466,Isaiah McKenzie,WR,0.3,0.3,0.3,0.7,0.7,0.4,-0.3,0.4,,
450,129,2022_00-0034652,Cameron Batson,WR,0.2,0.2,0.3,0.3,0.3,0.3,0,0.3,,
309,130,2022_00-0035208,Olamide Zaccheaus,WR,0.5,0.3,0.3,0.3,0.3,0.3,0,0.3,,
311,102,2022_00-0035217,Benny Snell,RB,0.3,0.3,0.3,0.3,0.3,0.3,0,0.3,,
313,132,2022_00-0035215,Deonte Harris,WR,0.3,0.3,0.3,0.3,0.3,0.3,0,0.3,,
314,103,2022_00-0036370,Joshua Kelley,RB,0.3,0.3,0.3,0.3,0.3,0.3,0,0.3,,
315,104,2022_00-0036650,Larry Rountree,RB,0.3,0.3,0.3,0.3,0.3,0.3,0,0.3,,
318,133,2022_00-0034353,Anthony Miller,WR,0.3,0.3,0.3,0.3,0.3,0.3,0,0.3,,
319,134,2022_00-0036630,Tylan Wallace,WR,0.3,0.3,0.3,0.3,0.3,0.3,0,0.3,,
321,107,2022_00-0036336,Anthony McFarland,RB,0.3,0.3,0.3,0.3,0.3,0.3,0,0.3,,
322,135,2022_00-0029608,T.Y. Hilton,WR,0.3,0.3,0.3,0.3,0.3,0.3,0,0.3,,
324,108,2022_00-0035806,JaMycal Hasty,RB,0.3,0.3,0.3,0.3,0.3,0.3,0,0.3,,
325,136,2022_00-0036247,Freddie Swain,WR,0.3,0.3,0.3,0.3,0.3,0.3,0,0.3,,
326,137,2022_00-0036110,Ja'Marcus Bradley,WR,0.3,0.3,0.3,0.3,0.3,0.3,0,0.3,,
327,138,2022_00-0036482,Mike Strachan,WR,0.3,0.3,0.3,0.3,0.3,0.3,0,0.3,,
328,139,2022_00-0036999,Anthony Schwartz,WR,0.3,0.3,0.3,0.3,0.3,0.3,0,0.3,,
330,109,2022_00-0032241,Todd Gurley,RB,0.3,0.3,0.3,0.3,0.3,0.3,0,0.3,,
331,140,2022_00-0035414,Jalen Guyton,WR,0.3,0.3,0.3,0.3,0.3,0.3,0,0.3,,
332,141,2022_00-0036271,Quez Watkins,WR,0.3,0.3,0.3,0.3,0.3,0.3,0,0.3,,
333,142,2022_00-0022921,Larry Fitzgerald,WR,0.3,0.3,0.3,0.3,0.3,0.3,0,0.3,,
334,110,2022_00-0032063,Mike Davis,RB,0.3,0.3,0.3,0.3,0.3,0.3,0,0.3,,
335,111,2022_00-0036425,DeeJay Dallas,RB,0.3,0.3,0.3,0.3,0.3,0.3,0,0.3,,
336,143,2022_00-0036259,Jauan Jennings,WR,0.3,0.3,0.3,0.3,0.3,0.3,0,0.3,,
337,112,2022_00-0036670,Jermar Jefferson,RB,0.3,0.3,0.3,0.3,0.3,0.3,0,0.3,,
338,144,2022_00-0031549,Nelson Agholor,WR,0.3,0.3,0.3,0.3,0.3,0.3,0,0.3,,
340,145,2022_00-0034510,Robert Foster,WR,0.3,0.3,0.3,0.3,0.3,0.3,0,0.3,,
341,113,2022_00-0033567,Brian Hill,RB,0.3,0.3,0.3,0.3,0.3,0.3,0,0.3,,
342,146,2022_00-0036340,Antonio Gandy-Golden,WR,0.3,0.3,0.3,0.3,0.3,0.3,0,0.3,,
343,147,2022_00-0034052,Brandon Zylstra,WR,0.3,0.3,0.3,0.3,0.3,0.3,0,0.3,,
345,115,2022_00-0032257,Duke Johnson,RB,0.3,0.3,0.3,0.3,0.3,0.3,0,0.3,,
347,148,2022_00-0034660,Rico Gafford,WR,0.3,0.3,0.3,0.3,0.3,0.3,0,0.3,,
348,116,2022_00-0034208,Mike Boone,RB,0.3,0.3,0.3,0.3,0.3,0.3,0,0.3,,
349,117,2022_00-0036096,J.J. Taylor,RB,0.3,0.3,0.3,0.3,0.3,0.3,0,0.3,,
350,149,2022_00-0036652,Racey McMath,WR,0.3,0.3,0.3,0.3,0.3,0.3,0,0.3,,
351,150,2022_00-0036228,Dezmon Patmon,WR,0.3,0.3,0.3,0.3,0.3,0.3,0,0.3,,
352,118,2022_00-0036669,Kylin Hill,RB,0.3,0.3,0.3,0.3,0.3,0.3,0,0.3,,
353,151,2022_00-0033215,Cyril Grayson,WR,0.3,0.3,0.3,0.3,0.3,0.3,0,0.3,,
354,152,2022_00-0035869,Austin Mack,WR,0.3,0.3,0.3,0.3,0.3,0.3,0,0.3,,
355,153,2022_00-0036377,Joe Reed,WR,0.3,0.3,0.3,0.3,0.3,0.3,0,0.3,,
356,154,2022_00-0036145,Lawrence Cager,WR,0.3,0.3,0.3,0.3,0.3,0.3,0,0.3,,
357,155,2022_00-0034317,Keith Kirkwood,WR,0.3,0.3,0.3,0.3,0.3,0.3,0,0.3,,
358,156,2022_00-0036907,Dazz Newsome,WR,0.3,0.3,0.3,0.3,0.3,0.3,0,0.3,,
359,1,2022_00-0034171,Jason Cabinda,FB,0.3,0.3,0.3,0.3,0.3,0.3,0,0.3,,
360,157,2022_00-0034386,Justin Watson,WR,0.2,0.3,0.3,0.3,0.3,0.3,0,0.3,,
361,158,2022_00-0033859,Josh Malone,WR,0.2,0.3,0.3,0.3,0.3,0.3,0,0.3,,
821,105,2022_00-0029567,Nick Foles,QB,0.5,0.3,0.3,0.3,0.3,0.3,0,0.3,,
822,106,2022_00-0026544,Chase Daniel,QB,0.3,0.3,0.3,0.3,0.3,0.3,0,0.3,,
823,107,2022_00-0030151,Tyler Bray,QB,0.3,0.3,0.3,0.3,0.3,0.3,0,0.3,,
824,108,2022_00-0031395,Garrett Gilbert,QB,0.3,0.3,0.3,0.3,0.3,0.3,0,0.3,,
825,109,2022_00-0030533,Matt Barkley,QB,0.2,0.3,0.3,0.3,0.3,0.3,0,0.3,,
390,180,2022_00-0029137,Alshon Jeffery,WR,0.2,0.2,0.2,0.3,0.3,0.3,0,0.3,,
323,242,2022_00-0036387,Jalen Reagor,WR,0.3,0.3,0.2,0.2,0.3,0.3,0,0.3,,
394,126,2022_00-0035835,Nathan Cottrell,RB,0.2,0.2,0.2,0.2,0.2,0.2,0,0.2,,
419,8,2022_00-0035908,Gabe Nabers,FB,0.2,0.2,0.2,0.2,0.2,0.2,0,0.2,,
429,133,2022_00-0030456,Giovani Bernard,RB,0.2,0.2,0.2,0.2,0.2,0.2,0,0.2,,
453,141,2022_00-0036582,Nate McCrary,RB,0.2,0.2,0.2,0.2,0.2,0.2,0,0.2,,
466,145,2022_00-0032975,Jonathan Williams,RB,0.2,0.2,0.2,0.2,0.2,0.2,0,0.2,,
506,154,2022_00-0035924,Jonathan Ward,RB,0.2,0.2,0.2,0.2,0.2,0.2,0,0.2,,
310,101,2022_00-0035860,Tony Jones,RB,0.4,0.3,0.3,0.2,0.2,0.2,0,0.2,,
362,160,2022_00-0035021,Ashton Dulin,WR,0.5,0.2,0.2,0.2,0.2,0.2,0,0.2,,
363,161,2022_00-0036133,James Proche,WR,0.4,0.2,0.2,0.2,0.2,0.2,0,0.2,,
365,163,2022_00-0032160,Tyrell Williams,WR,0.3,0.2,0.2,0.2,0.2,0.2,0,0.2,,
366,2,2022_00-0036727,Adam Prentice,FB,0.2,0.2,0.2,0.2,0.2,0.2,0,0.2,,
368,165,2022_00-0036080,Easop Winston,WR,0.2,0.2,0.2,0.2,0.2,0.2,0,0.2,,
369,166,2022_00-0034646,Brandon Powell,WR,0.2,0.2,0.2,0.2,0.2,0.2,0,0.2,,
370,167,2022_00-0035891,Cody White,WR,0.2,0.2,0.2,0.2,0.2,0.2,0,0.2,,
371,168,2022_00-0034054,River Cracraft,WR,0.2,0.2,0.2,0.2,0.2,0.2,0,0.2,,
372,169,2022_00-0035844,Kirk Merritt,WR,0.2,0.2,0.2,0.2,0.2,0.2,0,0.2,,
373,170,2022_00-0035848,DeMichael Harris,WR,0.2,0.2,0.2,0.2,0.2,0.2,0,0.2,,
374,171,2022_00-0034686,Auden Tate,WR,0.2,0.2,0.2,0.2,0.2,0.2,0,0.2,,
375,172,2022_00-0036951,Frank Darby,WR,0.2,0.2,0.2,0.2,0.2,0.2,0,0.2,,
376,119,2022_00-0035273,Qadree Ollison,RB,0.2,0.2,0.2,0.2,0.2,0.2,0,0.2,,
377,173,2022_00-0035126,Antoine Wesley,WR,0.2,0.2,0.2,0.2,0.2,0.2,0,0.2,,
378,174,2022_00-0034104,Cam Sims,WR,0.2,0.2,0.2,0.2,0.2,0.2,0,0.2,,
379,120,2022_00-0032780,Jordan Howard,RB,0.2,0.2,0.2,0.2,0.2,0.2,0,0.2,,
381,121,2022_00-0036842,Kene Nwangwu,RB,0.2,0.2,0.2,0.2,0.2,0.2,0,0.2,,
382,3,2022_00-0033376,Patrick Ricard,FB,0.2,0.2,0.2,0.2,0.2,0.2,0,0.2,,
383,175,2022_00-0036382,KJ Hill,WR,0.2,0.2,0.2,0.2,0.2,0.2,0,0.2,,
384,176,2022_00-0035883,Maurice Ffrench,WR,0.2,0.2,0.2,0.2,0.2,0.2,0,0.2,,
385,177,2022_00-0033386,Cody Hollister,WR,0.2,0.2,0.2,0.2,0.2,0.2,0,0.2,,
386,178,2022_00-0033251,Zach Pascal,WR,0.2,0.2,0.2,0.2,0.2,0.2,0,0.2,,
387,53,2022_00-0037011,Tre' McKitty,TE,0.2,0.2,0.2,0.2,0.2,0.2,0,0.2,,
388,122,2022_00-0036000,Adrian Killins,RB,0.2,0.2,0.2,0.2,0.2,0.2,0,0.2,,
389,179,2022_00-0036182,Nick Westbrook-Ikhine,WR,0.2,0.2,0.2,0.2,0.2,0.2,0,0.2,,
391,123,2022_00-0030874,Damien Williams,RB,0.2,0.2,0.2,0.2,0.2,0.2,0,0.2,,
392,124,2022_00-0036860,Jake Funk,RB,0.2,0.2,0.2,0.2,0.2,0.2,0,0.2,,
393,125,2022_00-0036654,Demetric Felton,RB,0.2,0.2,0.2,0.2,0.2,0.2,0,0.2,,
395,4,2022_00-0034311,Johnny Stanton,FB,0.2,0.2,0.2,0.2,0.2,0.2,0,0.2,,
396,181,2022_00-0034418,Cedrick Wilson,WR,0.2,0.2,0.2,0.2,0.2,0.2,0,0.2,,
397,54,2022_00-0033858,Jonnu Smith,TE,0.2,0.2,0.2,0.2,0.2,0.2,0,0.2,,
398,55,2022_00-0034365,Ian Thomas,TE,0.2,0.2,0.2,0.2,0.2,0.2,0,0.2,,
399,182,2022_00-0032464,Kalif Raymond,WR,0.2,0.2,0.2,0.2,0.2,0.2,0,0.2,,
400,127,2022_00-0036698,Mekhi Sargent,RB,0.2,0.2,0.2,0.2,0.2,0.2,0,0.2,,
401,5,2022_00-0036187,Reggie Gilliam,FB,0.2,0.2,0.2,0.2,0.2,0.2,0,0.2,,
402,6,2022_00-0035956,Giovanni Ricci,FB,0.2,0.2,0.2,0.2,0.2,0.2,0,0.2,,
403,183,2022_00-0036254,Collin Johnson,WR,0.2,0.2,0.2,0.2,0.2,0.2,0,0.2,,
404,128,2022_00-0035594,Travis Homer,RB,0.2,0.2,0.2,0.2,0.2,0.2,0,0.2,,
405,184,2022_00-0033591,Noah Brown,WR,0.2,0.2,0.2,0.2,0.2,0.2,0,0.2,,
406,185,2022_00-0035624,N'Keal Harry,WR,0.2,0.2,0.2,0.2,0.2,0.2,0,0.2,,
407,7,2022_00-0034433,Nick Bawden,FB,0.2,0.2,0.2,0.2,0.2,0.2,0,0.2,,
408,129,2022_00-0032741,Peyton Barber,RB,0.2,0.2,0.2,0.2,0.2,0.2,0,0.2,,
409,130,2022_00-0032058,Tevin Coleman,RB,0.2,0.2,0.2,0.2,0.2,0.2,0,0.2,,
410,56,2022_00-0034011,Dan Arnold,TE,0.2,0.2,0.2,0.2,0.2,0.2,0,0.2,,
411,186,2022_00-0035298,Scott Miller,WR,0.2,0.2,0.2,0.2,0.2,0.2,0,0.2,,
412,187,2022_00-0033367,C.J. Board,WR,0.2,0.2,0.2,0.2,0.2,0.2,0,0.2,,
413,188,2022_00-0035500,Greg Dortch,WR,0.2,0.2,0.2,0.2,0.2,0.2,0,0.2,,
414,189,2022_00-0035341,Trenton Irwin,WR,0.2,0.2,0.2,0.2,0.2,0.2,0,0.2,,
415,190,2022_00-0034854,Khadarel Hodge,WR,0.2,0.2,0.2,0.2,0.2,0.2,0,0.2,,
416,191,2022_00-0034928,Steven Sims,WR,0.2,0.2,0.2,0.2,0.2,0.2,0,0.2,,
417,57,2022_00-0033658,Blake Jarwin,TE,0.2,0.2,0.2,0.2,0.2,0.2,0,0.2,,
418,192,2022_00-0032626,Geronimo Allison,WR,0.2,0.2,0.2,0.2,0.2,0.2,0,0.2,,
420,193,2022_00-0032398,Chris Moore,WR,0.2,0.2,0.2,0.2,0.2,0.2,0,0.2,,
421,194,2022_00-0035544,Tom Kennedy,WR,0.2,0.2,0.2,0.2,0.2,0.2,0,0.2,,
422,195,2022_00-0027891,Golden Tate,WR,0.2,0.2,0.2,0.2,0.2,0.2,0,0.2,,
423,196,2022_00-0034930,Trinity Benson,WR,0.2,0.2,0.2,0.2,0.2,0.2,0,0.2,,
424,131,2022_00-0032972,Devontae Booker,RB,0.2,0.2,0.2,0.2,0.2,0.2,0,0.2,,
425,197,2022_00-0035359,David Sills,WR,0.2,0.2,0.2,0.2,0.2,0.2,0,0.2,,
426,198,2022_00-0035101,Davion Davis,WR,0.2,0.2,0.2,0.2,0.2,0.2,0,0.2,,
427,58,2022_00-0036510,Kenny Yeboah,TE,0.2,0.2,0.2,0.2,0.2,0.2,0,0.2,,
428,132,2022_00-0034349,Kerryon Johnson,RB,0.2,0.2,0.2,0.2,0.2,0.2,0,0.2,,
430,199,2022_00-0035510,Jeff Smith,WR,0.2,0.2,0.2,0.2,0.2,0.2,0,0.2,,
431,59,2022_00-0030181,Jack Doyle,TE,0.2,0.2,0.2,0.2,0.2,0.2,0,0.2,,
433,200,2022_00-0036364,Lynn Bowden,WR,0.2,0.2,0.2,0.2,0.2,0.2,0,0.2,,
434,201,2022_00-0036657,Seth Williams,WR,0.2,0.2,0.2,0.2,0.2,0.2,0,0.2,,
435,202,2022_00-0035432,Jason Moore,WR,0.2,0.2,0.2,0.2,0.2,0.2,0,0.2,,
436,135,2022_00-0031285,Devonta Freeman,RB,0.2,0.2,0.2,0.2,0.2,0.2,0,0.2,,
437,203,2022_00-0033460,John Ross,WR,0.2,0.2,0.2,0.2,0.2,0.2,0,0.2,,
438,136,2022_00-0036768,JaQuan Hardy,RB,0.2,0.2,0.2,0.2,0.2,0.2,0,0.2,,
439,204,2022_00-0027150,Julian Edelman,WR,0.2,0.2,0.2,0.2,0.2,0.2,0,0.2,,
440,205,2022_00-0034370,DaeSean Hamilton,WR,0.2,0.2,0.2,0.2,0.2,0.2,0,0.2,,
441,206,2022_00-0035022,Penny Hart,WR,0.2,0.2,0.2,0.2,0.2,0.2,0,0.2,,
442,207,2022_00-0034676,James Washington,WR,0.2,0.2,0.2,0.2,0.2,0.2,0,0.2,,
443,208,2022_00-0035406,Lil'Jordan Humphrey,WR,0.2,0.2,0.2,0.2,0.2,0.2,0,0.2,,
444,9,2022_00-0035125,Alec Ingold,FB,0.2,0.2,0.2,0.2,0.2,0.2,0,0.2,,
445,209,2022_00-0035864,Kendall Hinton,WR,0.2,0.2,0.2,0.2,0.2,0.2,0,0.2,,
446,137,2022_00-0029615,Lamar Miller,RB,0.2,0.2,0.2,0.2,0.2,0.2,0,0.2,,
447,210,2022_00-0027902,Dez Bryant,WR,0.2,0.2,0.2,0.2,0.2,0.2,0,0.2,,
448,211,2022_00-0034366,Keke Coutee,WR,0.2,0.2,0.2,0.2,0.2,0.2,0,0.2,,
449,138,2022_00-0036569,Gary Brightwell,RB,0.2,0.2,0.2,0.2,0.2,0.2,0,0.2,,
451,139,2022_00-0023500,Frank Gore,RB,0.2,0.2,0.2,0.2,0.2,0.2,0,0.2,,
452,140,2022_00-0036493,Deon Jackson,RB,0.2,0.2,0.2,0.2,0.2,0.2,0,0.2,,
454,142,2022_00-0035448,Damarea Crockett,RB,0.2,0.2,0.2,0.2,0.2,0.2,0,0.2,,
455,212,2022_00-0035399,Stanley Morgan,WR,0.2,0.2,0.2,0.2,0.2,0.2,0,0.2,,
456,10,2022_00-0035099,Khari Blasingame,FB,0.2,0.2,0.2,0.2,0.2,0.2,0,0.2,,
457,213,2022_00-0033839,Dede Westbrook,WR,0.2,0.2,0.2,0.2,0.2,0.2,0,0.2,,
458,143,2022_00-0032782,Wendell Smallwood,RB,0.2,0.2,0.2,0.2,0.2,0.2,0,0.2,,
459,60,2022_00-0036040,Juwan Johnson,TE,0.2,0.2,0.2,0.2,0.2,0.2,0,0.2,,
460,214,2022_00-0036398,John Hightower,WR,0.2,0.2,0.2,0.2,0.2,0.2,0,0.2,,
461,61,2022_00-0034788,Jaeden Graham,TE,0.2,0.2,0.2,0.2,0.2,0.2,0,0.2,,
462,215,2022_00-0036635,Ihmir Smith-Marsette,WR,0.2,0.2,0.2,0.2,0.2,0.2,0,0.2,,
463,144,2022_00-0036523,Trey Ragas,RB,0.2,0.2,0.2,0.2,0.2,0.2,0,0.2,,
464,62,2022_00-0027061,Jared Cook,TE,0.2,0.2,0.2,0.2,0.2,0.2,0,0.2,,
465,216,2022_00-0036245,Malcolm Perry,WR,0.2,0.2,0.2,0.2,0.2,0.2,0,0.2,,
467,146,2022_00-0035291,Trayveon Williams,RB,0.2,0.2,0.2,0.2,0.2,0.2,0,0.2,,
468,217,2022_00-0034081,Steven Mitchell,WR,0.2,0.2,0.2,0.2,0.2,0.2,0,0.2,,
469,218,2022_00-0034273,Damion Ratley,WR,0.2,0.2,0.2,0.2,0.2,0.2,0,0.2,,
470,219,2022_00-0034653,Deontay Burnett,WR,0.2,0.2,0.2,0.2,0.2,0.2,0,0.2,,
471,220,2022_00-0034772,Antonio Callaway,WR,0.2,0.2,0.2,0.2,0.2,0.2,0,0.2,,
472,221,2022_00-0034267,Jaleel Scott,WR,0.2,0.2,0.2,0.2,0.2,0.2,0,0.2,,
473,222,2022_00-0034207,Jeff Badet,WR,0.2,0.2,0.2,0.2,0.2,0.2,0,0.2,,
474,11,2022_00-0035310,Chandler Cox,FB,0.2,0.2,0.2,0.2,0.2,0.2,0,0.2,,
475,223,2022_00-0034426,Javon Wims,WR,0.2,0.2,0.2,0.2,0.2,0.2,0,0.2,,
477,147,2022_00-0034614,Godwin Igwebuike,RB,0.2,0.2,0.2,0.2,0.2,0.2,0,0.2,,
478,63,2022_00-0034193,Kevin Rader,TE,0.2,0.2,0.2,0.2,0.2,0.2,0,0.2,,
479,225,2022_00-0033292,Trent Taylor,WR,0.2,0.2,0.2,0.2,0.2,0.2,0,0.2,,
480,226,2022_00-0032054,Breshad Perriman,WR,0.2,0.2,0.2,0.2,0.2,0.2,0,0.2,,
481,148,2022_00-0027029,LeSean McCoy,RB,0.2,0.2,0.2,0.2,0.2,0.2,0,0.2,,
482,227,2022_00-0033382,Austin Carr,WR,0.2,0.2,0.2,0.2,0.2,0.2,0,0.2,,
483,228,2022_00-0033474,Gehrig Dieter,WR,0.2,0.2,0.2,0.2,0.2,0.2,0,0.2,,
484,229,2022_00-0033911,Taywan Taylor,WR,0.2,0.2,0.2,0.2,0.2,0.2,0,0.2,,
485,149,2022_00-0031806,Malcolm Brown,RB,0.2,0.2,0.2,0.2,0.2,0.2,0,0.2,,
486,64,2022_00-0036438,Stephen Sullivan,TE,0.2,0.2,0.2,0.2,0.2,0.2,0,0.2,,
487,230,2022_00-0034395,Daurice Fountain,WR,0.2,0.2,0.2,0.2,0.2,0.2,0,0.2,,
488,231,2022_00-0033957,Rodney Adams,WR,0.2,0.2,0.2,0.2,0.2,0.2,0,0.2,,
489,150,2022_00-0028063,Taiwan Jones,RB,0.2,0.2,0.2,0.2,0.2,0.2,0,0.2,,
490,65,2022_00-0037004,Hunter Long,TE,0.2,0.2,0.2,0.2,0.2,0.2,0,0.2,,
491,232,2022_00-0033891,Zay Jones,WR,0.2,0.2,0.2,0.2,0.2,0.2,0,0.2,,
492,151,2022_00-0034378,Ito Smith,RB,0.2,0.2,0.2,0.2,0.2,0.2,0,0.2,,
493,233,2022_00-0031051,John Brown,WR,0.2,0.2,0.2,0.2,0.2,0.2,0,0.2,,
494,234,2022_00-0034860,Dante Pettis,WR,0.2,0.2,0.2,0.2,0.2,0.2,0,0.2,,
495,152,2022_00-0034808,John Kelly,RB,0.2,0.2,0.2,0.2,0.2,0.2,0,0.2,,
496,153,2022_00-0034432,Bo Scarbrough,RB,0.2,0.2,0.2,0.2,0.2,0.2,0,0.2,,
497,66,2022_00-0036628,John Bates,TE,0.2,0.2,0.2,0.2,0.2,0.2,0,0.2,,
498,235,2022_00-0034631,Vyncint Smith,WR,0.2,0.2,0.2,0.2,0.2,0.2,0,0.2,,
499,236,2022_00-0036439,Tyrie Cleveland,WR,0.2,0.2,0.2,0.2,0.2,0.2,0,0.2,,
500,67,2022_00-0034766,Chris Herndon,TE,0.2,0.2,0.2,0.2,0.2,0.2,0,0.2,,
501,237,2022_00-0035593,Juwann Winfree,WR,0.2,0.2,0.2,0.2,0.2,0.2,0,0.2,,
502,238,2022_00-0035480,Malik Taylor,WR,0.2,0.2,0.2,0.2,0.2,0.2,0,0.2,,
503,239,2022_00-0035287,KeeSean Johnson,WR,0.2,0.2,0.2,0.2,0.2,0.2,0,0.2,,
504,12,2022_00-0030968,Keith Smith,FB,0.2,0.2,0.2,0.2,0.2,0.2,0,0.2,,
505,68,2022_00-0036637,Noah Gray,TE,0.2,0.2,0.2,0.2,0.2,0.2,0,0.2,,
507,155,2022_00-0036208,Artavis Pierce,RB,0.2,0.2,0.2,0.2,0.2,0.2,0,0.2,,
508,156,2022_00-0036139,Rico Dowdle,RB,0.2,0.2,0.2,0.2,0.2,0.2,0,0.2,,
509,240,2022_00-0036308,Isaiah Coulter,WR,0.2,0.2,0.2,0.2,0.2,0.2,0,0.2,,
510,13,2022_00-0033296,Alex Armah,FB,0.2,0.2,0.2,0.2,0.2,0.2,0,0.2,,
511,157,2022_00-0034838,Royce Freeman,RB,0.2,0.2,0.2,0.2,0.2,0.2,0,0.2,,
512,14,2022_00-0028292,Nick Bellore,FB,0.2,0.2,0.2,0.2,0.2,0.2,0,0.2,,
513,158,2022_00-0035148,Darwin Thompson,RB,0.1,0.2,0.2,0.2,0.2,0.2,0,0.2,,
514,241,2022_00-0035045,D.J. Montgomery,WR,0.1,0.2,0.2,0.2,0.2,0.2,0,0.2,,
826,110,2022_00-0030520,Mike Glennon,QB,0.2,0.2,0.2,0.2,0.2,0.2,0,0.2,,
827,111,2022_00-0033119,Jacoby Brissett,QB,0.2,0.2,0.2,0.2,0.2,0.2,0,0.2,,
828,112,2022_00-0033319,Nick Mullens,QB,0.2,0.2,0.2,0.2,0.2,0.2,0,0.2,,
339,159,2022_00-0034109,Phillip Lindsay,RB,0.3,0.3,0.2,0.2,0.2,0.2,0,0.2,,
282,160,2022_00-0036020,Salvon Ahmed,RB,0.4,0.4,0.2,0.2,0.2,0.2,0,0.2,,
515,243,2022_00-0035246,J.J. Arcega-Whiteside,WR,0.2,0.1,0.1,0.2,0.2,0.2,0,0.2,,
632,195,2022_00-0033308,Matt Breida,RB,0.1,0.1,0.1,0.1,0.2,0.2,0,0.2,,
308,100,2022_00-0036383,Eno Benjamin,RB,0.5,0.3,0.3,0.3,0.3,0.2,-0.1,0.2,,
344,114,2022_00-0035268,Ryquell Armstead,RB,0.3,0.3,0.3,0.3,0.3,0.2,-0.1,0.2,,
367,164,2022_00-0036877,Jaelon Darden,WR,0.2,0.2,0.2,0.5,0.5,0.2,-0.3,0.2,,
550,171,2022_00-0034597,Ryan Nall,RB,0.1,0.1,0.1,0.1,0.1,0.1,0,0.1,,
554,261,2022_00-0033266,JoJo Natson,WR,0.1,0.1,0.1,0.1,0.1,0.1,0,0.1,,
556,75,2022_00-0035329,Donald Parham,TE,0.1,0.1,0.1,0.1,0.1,0.1,0,0.1,,
702,143,2022_00-0035539,Isaac Nauta,TE,0.1,0.1,0.1,0.1,0.1,0.1,0,0.1,,
516,244,2022_00-0035350,Preston Williams,WR,0.1,0.1,0.1,0.1,0.1,0.1,0,0.1,,
517,245,2022_00-0033111,Pharoh Cooper,WR,0.1,0.1,0.1,0.1,0.1,0.1,0,0.1,,
518,69,2022_00-0036754,Brock Wright,TE,0.1,0.1,0.1,0.1,0.1,0.1,0,0.1,,
519,246,2022_00-0036427,Tyler Johnson,WR,0.1,0.1,0.1,0.1,0.1,0.1,0,0.1,,
520,247,2022_00-0035703,Miles Boykin,WR,0.1,0.1,0.1,0.1,0.1,0.1,0,0.1,,
521,161,2022_00-0033025,Jalen Richard,RB,0.1,0.1,0.1,0.1,0.1,0.1,0,0.1,,
522,162,2022_00-0036188,Antonio Williams,RB,0.1,0.1,0.1,0.1,0.1,0.1,0,0.1,,
523,163,2022_00-0035973,Patrick Taylor,RB,0.1,0.1,0.1,0.1,0.1,0.1,0,0.1,,
524,15,2022_00-0032897,Derek Watt,FB,0.1,0.1,0.1,0.1,0.1,0.1,0,0.1,,
525,248,2022_00-0033114,Mike Thomas,WR,0.1,0.1,0.1,0.1,0.1,0.1,0,0.1,,
526,164,2022_00-0034799,Kalen Ballage,RB,0.1,0.1,0.1,0.1,0.1,0.1,0,0.1,,
527,165,2022_00-0031045,Carlos Hyde,RB,0.1,0.1,0.1,0.1,0.1,0.1,0,0.1,,
528,70,2022_00-0033720,Colin Thompson,TE,0.1,0.1,0.1,0.1,0.1,0.1,0,0.1,,
529,166,2022_00-0036278,Jason Huntley,RB,0.1,0.1,0.1,0.1,0.1,0.1,0,0.1,,
530,167,2022_00-0035898,Darius Bradwell,RB,0.1,0.1,0.1,0.1,0.1,0.1,0,0.1,,
531,249,2022_00-0034286,Richie James,WR,0.1,0.1,0.1,0.1,0.1,0.1,0,0.1,,
532,168,2022_00-0035715,Derrick Gore,RB,0.1,0.1,0.1,0.1,0.1,0.1,0,0.1,,
533,169,2022_00-0035184,Devine Ozigbo,RB,0.1,0.1,0.1,0.1,0.1,0.1,0,0.1,,
534,71,2022_00-0035222,Zach Gentry,TE,0.1,0.1,0.1,0.1,0.1,0.1,0,0.1,,
535,250,2022_00-0033471,Isaiah Ford,WR,0.1,0.1,0.1,0.1,0.1,0.1,0,0.1,,
536,170,2022_00-0032426,Alex Collins,RB,0.1,0.1,0.1,0.1,0.1,0.1,0,0.1,,
537,251,2022_00-0034309,Chad Beebe,WR,0.1,0.1,0.1,0.1,0.1,0.1,0,0.1,,
538,72,2022_00-0033576,Eric Saubert,TE,0.1,0.1,0.1,0.1,0.1,0.1,0,0.1,,
539,252,2022_00-0032881,Tommylee Lewis,WR,0.1,0.1,0.1,0.1,0.1,0.1,0,0.1,,
540,253,2022_00-0033589,David Moore,WR,0.1,0.1,0.1,0.1,0.1,0.1,0,0.1,,
541,254,2022_00-0031545,Kevin White,WR,0.1,0.1,0.1,0.1,0.1,0.1,0,0.1,,
542,16,2022_00-0032918,C.J. Ham,FB,0.1,0.1,0.1,0.1,0.1,0.1,0,0.1,,
543,73,2022_00-0036032,Sean McKeon,TE,0.1,0.1,0.1,0.1,0.1,0.1,0,0.1,,
544,255,2022_00-0035181,Darrius Shepherd,WR,0.1,0.1,0.1,0.1,0.1,0.1,0,0.1,,
545,256,2022_00-0035590,Riley Ridley,WR,0.1,0.1,0.1,0.1,0.1,0.1,0,0.1,,
546,74,2022_00-0036887,Luke Farrell,TE,0.1,0.1,0.1,0.1,0.1,0.1,0,0.1,,
547,257,2022_00-0033481,Marcus Kemp,WR,0.1,0.1,0.1,0.1,0.1,0.1,0,0.1,,
548,258,2022_00-0031787,Jake Kumerow,WR,0.1,0.1,0.1,0.1,0.1,0.1,0,0.1,,
549,259,2022_00-0030669,Albert Wilson,WR,0.1,0.1,0.1,0.1,0.1,0.1,0,0.1,,
551,172,2022_00-0032450,Dwayne Washington,RB,0.1,0.1,0.1,0.1,0.1,0.1,0,0.1,,
552,260,2022_00-0025396,Ted Ginn,WR,0.1,0.1,0.1,0.1,0.1,0.1,0,0.1,,
553,173,2022_00-0036069,Scottie Phillips,RB,0.1,0.1,0.1,0.1,0.1,0.1,0,0.1,,
555,262,2022_00-0035527,Andy Isabella,WR,0.1,0.1,0.1,0.1,0.1,0.1,0,0.1,,
557,17,2022_00-0035304,Cullen Gillaspia,FB,0.1,0.1,0.1,0.1,0.1,0.1,0,0.1,,
558,76,2022_00-0034319,Deon Yelder,TE,0.1,0.1,0.1,0.1,0.1,0.1,0,0.1,,
559,263,2022_00-0032128,Chris Conley,WR,0.1,0.1,0.1,0.1,0.1,0.1,0,0.1,,
560,77,2022_00-0036534,Shane Zylstra,TE,0.1,0.1,0.1,0.1,0.1,0.1,0,0.1,,
561,78,2022_00-0035572,Parker Hesse,TE,0.1,0.1,0.1,0.1,0.1,0.1,0,0.1,,
562,174,2022_00-0034457,Josh Adams,RB,0.1,0.1,0.1,0.1,0.1,0.1,0,0.1,,
563,175,2022_00-0034975,Justice Hill,RB,0.1,0.1,0.1,0.1,0.1,0.1,0,0.1,,
564,176,2022_00-0035551,Tony Brooks-James,RB,0.1,0.1,0.1,0.1,0.1,0.1,0,0.1,,
565,264,2022_00-0030068,Marquise Goodwin,WR,0.1,0.1,0.1,0.1,0.1,0.1,0,0.1,,
566,79,2022_00-0027696,Jimmy Graham,TE,0.1,0.1,0.1,0.1,0.1,0.1,0,0.1,,
567,177,2022_00-0029239,Brandon Bolden,RB,0.1,0.1,0.1,0.1,0.1,0.1,0,0.1,,
568,80,2022_00-0031558,Maxx Williams,TE,0.1,0.1,0.1,0.1,0.1,0.1,0,0.1,,
569,178,2022_00-0035760,Jacques Patrick,RB,0.1,0.1,0.1,0.1,0.1,0.1,0,0.1,,
570,265,2022_00-0026035,Danny Amendola,WR,0.1,0.1,0.1,0.1,0.1,0.1,0,0.1,,
571,179,2022_00-0033164,Troymaine Pope,RB,0.1,0.1,0.1,0.1,0.1,0.1,0,0.1,,
572,180,2022_00-0032940,DeAndre Washington,RB,0.1,0.1,0.1,0.1,0.1,0.1,0,0.1,,
573,181,2022_00-0032393,C.J. Prosise,RB,0.1,0.1,0.1,0.1,0.1,0.1,0,0.1,,
574,182,2022_00-0032577,D.J. Foster,RB,0.1,0.1,0.1,0.1,0.1,0.1,0,0.1,,
575,183,2022_00-0033725,Corey Clement,RB,0.1,0.1,0.1,0.1,0.1,0.1,0,0.1,,
576,184,2022_00-0030465,Kenjon Barner,RB,0.1,0.1,0.1,0.1,0.1,0.1,0,0.1,,
577,81,2022_00-0036429,Charlie Woerner,TE,0.1,0.1,0.1,0.1,0.1,0.1,0,0.1,,
578,266,2022_00-0029269,Travis Benjamin,WR,0.1,0.1,0.1,0.1,0.1,0.1,0,0.1,,
579,185,2022_00-0034253,Dontrell Hilliard,RB,0.1,0.1,0.1,0.1,0.1,0.1,0,0.1,,
580,267,2022_00-0035313,Terry Godwin,WR,0.1,0.1,0.1,0.1,0.1,0.1,0,0.1,,
581,268,2022_00-0034279,Equanimeous St. Brown,WR,0.1,0.1,0.1,0.1,0.1,0.1,0,0.1,,
582,82,2022_00-0031387,Eric Ebron,TE,0.1,0.1,0.1,0.1,0.1,0.1,0,0.1,,
583,83,2022_00-0035259,Trevon Wesco,TE,0.1,0.1,0.1,0.1,0.1,0.1,0,0.1,,
584,84,2022_00-0022127,Jason Witten,TE,0.1,0.1,0.1,0.1,0.1,0.1,0,0.1,,
585,269,2022_00-0033733,Greg Ward,WR,0.1,0.1,0.1,0.1,0.1,0.1,0,0.1,,
586,270,2022_00-0035645,Gunner Olszewski,WR,0.1,0.1,0.1,0.1,0.1,0.1,0,0.1,,
587,85,2022_00-0034613,Tanner Hudson,TE,0.1,0.1,0.1,0.1,0.1,0.1,0,0.1,,
588,86,2022_00-0034169,Marcus Baugh,TE,0.1,0.1,0.1,0.1,0.1,0.1,0,0.1,,
589,87,2022_00-0034735,Codey McElroy,TE,0.1,0.1,0.1,0.1,0.1,0.1,0,0.1,,
590,271,2022_00-0034407,Ray-Ray McCloud,WR,0.1,0.1,0.1,0.1,0.1,0.1,0,0.1,,
591,18,2022_00-0035726,Jakob Johnson,FB,0.1,0.1,0.1,0.1,0.1,0.1,0,0.1,,
592,272,2022_00-0035006,Bisi Johnson,WR,0.1,0.1,0.1,0.1,0.1,0.1,0,0.1,,
593,186,2022_00-0034449,Buddy Howell,RB,0.1,0.1,0.1,0.1,0.1,0.1,0,0.1,,
594,273,2022_00-0034132,Christian Blake,WR,0.1,0.1,0.1,0.1,0.1,0.1,0,0.1,,
595,187,2022_00-0032404,Tyler Ervin,RB,0.1,0.1,0.1,0.1,0.1,0.1,0,0.1,,
596,188,2022_00-0034400,Jordan Wilkins,RB,0.1,0.1,0.1,0.1,0.1,0.1,0,0.1,,
597,274,2022_00-0032355,Chester Rogers,WR,0.1,0.1,0.1,0.1,0.1,0.1,0,0.1,,
598,189,2022_00-0035187,Austin Walter,RB,0.1,0.1,0.1,0.1,0.1,0.1,0,0.1,,
599,88,2022_00-0036173,Tommy Hudson,TE,0.1,0.1,0.1,0.1,0.1,0.1,0,0.1,,
600,89,2022_00-0036424,Brycen Hopkins,TE,0.1,0.1,0.1,0.1,0.1,0.1,0,0.1,,
601,90,2022_00-0036008,Hunter Bryant,TE,0.1,0.1,0.1,0.1,0.1,0.1,0,0.1,,
602,91,2022_00-0036005,Noah Togiai,TE,0.1,0.1,0.1,0.1,0.1,0.1,0,0.1,,
603,275,2022_00-0031934,Devin Smith,WR,0.1,0.1,0.1,0.1,0.1,0.1,0,0.1,,
604,190,2022_00-0033955,Jeremy McNichols,RB,0.1,0.1,0.1,0.1,0.1,0.1,0,0.1,,
605,19,2022_00-0031595,Michael Burton,FB,0.1,0.1,0.1,0.1,0.1,0.1,0,0.1,,
606,276,2022_00-0028237,Chris Hogan,WR,0.1,0.1,0.1,0.1,0.1,0.1,0,0.1,,
607,92,2022_00-0033627,Jason Croom,TE,0.1,0.1,0.1,0.1,0.1,0.1,0,0.1,,
608,93,2022_00-0033564,Jake Butt,TE,0.1,0.1,0.1,0.1,0.1,0.1,0,0.1,,
609,277,2022_00-0033006,Jaydon Mickens,WR,0.1,0.1,0.1,0.1,0.1,0.1,0,0.1,,
610,278,2022_00-0032977,Rashard Higgins,WR,0.1,0.1,0.1,0.1,0.1,0.1,0,0.1,,
611,94,2022_00-0035345,Chris Myarick,TE,0.1,0.1,0.1,0.1,0.1,0.1,0,0.1,,
613,96,2022_00-0036741,Jack Stoll,TE,0.1,0.1,0.1,0.1,0.1,0.1,0,0.1,,
614,191,2022_00-0035567,Craig Reynolds,RB,0.1,0.1,0.1,0.1,0.1,0.1,0,0.1,,
615,192,2022_00-0032209,T.J. Yeldon,RB,0.1,0.1,0.1,0.1,0.1,0.1,0,0.1,,
616,279,2022_00-0034487,Trent Sherfield,WR,0.1,0.1,0.1,0.1,0.1,0.1,0,0.1,,
617,280,2022_00-0032009,Adam Humphries,WR,0.1,0.1,0.1,0.1,0.1,0.1,0,0.1,,
618,97,2022_00-0034672,Ethan Wolf,TE,0.1,0.1,0.1,0.1,0.1,0.1,0,0.1,,
619,98,2022_00-0035562,Jesper Horsted,TE,0.1,0.1,0.1,0.1,0.1,0.1,0,0.1,,
620,193,2022_00-0035342,Patrick Laird,RB,0.1,0.1,0.1,0.1,0.1,0.1,0,0.1,,
621,99,2022_00-0035671,Jace Sternberger,TE,0.1,0.1,0.1,0.1,0.1,0.1,0,0.1,,
622,281,2022_00-0035592,Travis Fulgham,WR,0.1,0.1,0.1,0.1,0.1,0.1,0,0.1,,
623,194,2022_00-0032813,Elijhaa Penny,RB,0.1,0.1,0.1,0.1,0.1,0.1,0,0.1,,
624,282,2022_00-0029632,Mohamed Sanu,WR,0.1,0.1,0.1,0.1,0.1,0.1,0,0.1,,
625,100,2022_00-0036225,Dalton Keene,TE,0.1,0.1,0.1,0.1,0.1,0.1,0,0.1,,
626,283,2022_00-0033572,Jamal Agnew,WR,0.1,0.1,0.1,0.1,0.1,0.1,0,0.1,,
627,284,2022_00-0033840,Chad Hansen,WR,0.1,0.1,0.1,0.1,0.1,0.1,0,0.1,,
628,101,2022_00-0034192,Nick Keizer,TE,0.1,0.1,0.1,0.1,0.1,0.1,0,0.1,,
629,102,2022_00-0033611,Ricky Seals-Jones,TE,0.1,0.1,0.1,0.1,0.1,0.1,0,0.1,,
630,103,2022_00-0036332,Josiah Deguara,TE,0.1,0.1,0.1,0.1,0.1,0.1,0,0.1,,
631,1,2022_00-0036357,Henry Ruggs,,0.1,0.1,0.1,0.1,0.1,0.1,0,0.1,,
633,104,2022_00-0035631,Drew Sample,TE,0.1,0.1,0.1,0.1,0.1,0.1,0,0.1,,
634,285,2022_00-0027691,Andre Roberts,WR,0.1,0.1,0.1,0.1,0.1,0.1,0,0.1,,
635,20,2022_00-0029892,Kyle Juszczyk,FB,0.1,0.1,0.1,0.1,0.1,0.1,0,0.1,,
636,21,2022_00-0032956,Andy Janovich,FB,0.1,0.1,0.1,0.1,0.1,0.1,0,0.1,,
638,286,2022_00-0031166,Seth Roberts,WR,0.1,0.1,0.1,0.1,0.1,0.1,0,0.1,,
639,287,2022_00-0030670,Bennie Fowler,WR,0.1,0.1,0.1,0.1,0.1,0.1,0,0.1,,
640,288,2022_00-0031339,Donte Moncrief,WR,0.1,0.1,0.1,0.1,0.1,0.1,0,0.1,,
641,197,2022_00-0028074,Anthony Sherman,RB,0.1,0.1,0.1,0.1,0.1,0.1,0,0.1,,
642,105,2022_00-0035308,Tommy Sweeney,TE,0.1,0.1,0.1,0.1,0.1,0.1,0,0.1,,
643,289,2022_00-0032200,Ty Montgomery,WR,0.1,0.1,0.1,0.1,0.1,0.1,0,0.1,,
644,106,2022_00-0034270,Tyler Conklin,TE,0.1,0.1,0.1,0.1,0.1,0.1,0,0.1,,
645,107,2022_00-0033798,Mason Schreck,TE,0.1,0.1,0.1,0.1,0.1,0.1,0,0.1,,
646,198,2022_00-0029141,Alfred Morris,RB,0.1,0.1,0.1,0.1,0.1,0.1,0,0.1,,
647,108,2022_00-0036244,Colby Parkinson,TE,0.1,0.1,0.1,0.1,0.1,0.1,0,0.1,,
648,109,2022_00-0033896,Adam Shaheen,TE,0.1,0.1,0.1,0.1,0.1,0.1,0,0.1,,
649,199,2022_00-0034995,Dexter Williams,RB,0.1,0.1,0.1,0.1,0.1,0.1,0,0.1,,
650,290,2022_00-0035457,Tyron Johnson,WR,0.1,0.1,0.1,0.1,0.1,0.1,0,0.1,,
651,110,2022_00-0034073,Ross Dwelley,TE,0.1,0.1,0.1,0.1,0.1,0.1,0,0.1,,
652,111,2022_00-0034364,Jordan Akins,TE,0.1,0.1,0.1,0.1,0.1,0.1,0,0.1,,
653,112,2022_00-0035603,Kendall Blanton,TE,0.1,0.1,0.1,0.1,0.1,0.1,0,0.1,,
654,113,2022_00-0035428,Daniel Helm,TE,0.1,0.1,0.1,0.1,0.1,0.1,0,0.1,,
655,114,2022_00-0035039,Stephen Carlson,TE,0.1,0.1,0.1,0.1,0.1,0.1,0,0.1,,
656,115,2022_00-0035529,Hakeem Butler,TE,0.1,0.1,0.1,0.1,0.1,0.1,0,0.1,,
657,116,2022_00-0035547,Jody Fortson,TE,0.1,0.1,0.1,0.1,0.1,0.1,0,0.1,,
658,291,2022_00-0031763,DeAndre Carter,WR,0.1,0.1,0.1,0.1,0.1,0.1,0,0.1,,
659,292,2022_00-0032778,Tajae Sharpe,WR,0.1,0.1,0.1,0.1,0.1,0.1,0,0.1,,
660,200,2022_00-0031209,Senorise Perry,RB,0.1,0.1,0.1,0.1,0.1,0.1,0,0.1,,
661,201,2022_00-0034164,Trenton Cannon,RB,0.1,0.1,0.1,0.1,0.1,0.1,0,0.1,,
662,293,2022_00-0032775,Demarcus Robinson,WR,0.1,0.1,0.1,0.1,0.1,0.1,0,0.1,,
663,117,2022_00-0033112,Temarrick Hemingway,TE,0.1,0.1,0.1,0.1,0.1,0.1,0,0.1,,
664,118,2022_00-0033080,Seth DeValve,TE,0.1,0.1,0.1,0.1,0.1,0.1,0,0.1,,
665,294,2022_00-0031868,Damiere Byrd,WR,0.1,0.1,0.1,0.1,0.1,0.1,0,0.1,,
666,119,2022_00-0036433,Tommy Stevens,TE,0.1,0.1,0.1,0.1,0.1,0.1,0,0.1,,
667,120,2022_00-0035356,Tyree Jackson,TE,0.1,0.1,0.1,0.1,0.1,0.1,0,0.1,,
668,121,2022_00-0034420,Jordan Thomas,TE,0.1,0.1,0.1,0.1,0.1,0.1,0,0.1,,
669,122,2022_00-0033338,Cethan Carter,TE,0.1,0.1,0.1,0.1,0.1,0.1,0,0.1,,
670,295,2022_00-0030663,Willie Snead,WR,0.1,0.1,0.1,0.1,0.1,0.1,0,0.1,,
671,123,2022_00-0035249,Josh Oliver,TE,0.1,0.1,0.1,0.1,0.1,0.1,0,0.1,,
672,296,2022_00-0033681,Keelan Cole,WR,0.1,0.1,0.1,0.1,0.1,0.1,0,0.1,,
673,124,2022_00-0036456,Dominique Dafney,TE,0.1,0.1,0.1,0.1,0.1,0.1,0,0.1,,
674,125,2022_00-0036194,Devin Asiasi,TE,0.1,0.1,0.1,0.1,0.1,0.1,0,0.1,,
675,126,2022_00-0034981,Foster Moreau,TE,0.1,0.1,0.1,0.1,0.1,0.1,0,0.1,,
676,202,2022_00-0030404,Chris Thompson,RB,0.1,0.1,0.1,0.1,0.1,0.1,0,0.1,,
677,127,2022_00-0034988,Kaden Smith,TE,0.1,0.1,0.1,0.1,0.1,0.1,0,0.1,,
678,128,2022_00-0033439,Pharaoh Brown,TE,0.1,0.1,0.1,0.1,0.1,0.1,0,0.1,,
679,297,2022_00-0032980,Marcus Johnson,WR,0.1,0.1,0.1,0.1,0.1,0.1,0,0.1,,
680,298,2022_00-0032791,Jakeem Grant,WR,0.1,0.1,0.1,0.1,0.1,0.1,0,0.1,,
681,129,2022_00-0033421,Antony Auclair,TE,0.1,0.1,0.1,0.1,0.1,0.1,0,0.1,,
682,203,2022_00-0028087,Dion Lewis,RB,0.1,0.1,0.1,0.1,0.1,0.1,0,0.1,,
683,204,2022_00-0030107,Theo Riddick,RB,0.1,0.1,0.1,0.1,0.1,0.1,0,0.1,,
684,130,2022_00-0028142,Virgil Green,TE,0.1,0.1,0.1,0.1,0.1,0.1,0,0.1,,
685,131,2022_00-0034798,Durham Smythe,TE,0.1,0.1,0.1,0.1,0.1,0.1,0,0.1,,
686,132,2022_00-0034393,Troy Fumagalli,TE,0.1,0.1,0.1,0.1,0.1,0.1,0,0.1,,
687,133,2022_00-0033528,Jeremy Sprinkle,TE,0.1,0.1,0.1,0.1,0.1,0.1,0,0.1,,
688,134,2022_00-0028097,Lee Smith,TE,0.1,0.1,0.1,0.1,0.1,0.1,0,0.1,,
689,135,2022_00-0033455,Anthony Firkser,TE,0.1,0.1,0.1,0.1,0.1,0.1,0,0.1,,
690,136,2022_00-0029119,Derek Carrier,TE,0.1,0.1,0.1,0.1,0.1,0.1,0,0.1,,
691,137,2022_00-0034439,Ryan Izzo,TE,0.1,0.1,0.1,0.1,0.1,0.1,0,0.1,,
692,138,2022_00-0036232,Harrison Bryant,TE,0.1,0.1,0.1,0.1,0.1,0.1,0,0.1,,
693,299,2022_00-0028411,Dontrelle Inman,WR,0.1,0.1,0.1,0.1,0.1,0.1,0,0.1,,
694,139,2022_00-0030472,Jordan Reed,TE,0.1,0.1,0.1,0.1,0.1,0.1,0,0.1,,
695,140,2022_00-0035102,Brandon Dillon,TE,0.1,0.1,0.1,0.1,0.1,0.1,0,0.1,,
696,300,2022_00-0032543,Alex Erickson,WR,0.1,0.1,0.1,0.1,0.1,0.1,0,0.1,,
697,141,2022_00-0027981,Kyle Rudolph,TE,0.1,0.1,0.1,0.1,0.1,0.1,0,0.1,,
699,301,2022_00-0032951,Laquon Treadwell,WR,0.1,0.1,0.1,0.1,0.1,0.1,0,0.1,,
700,302,2022_00-0031319,Diontae Spencer,WR,0.1,0.1,0.1,0.1,0.1,0.1,0,0.1,,
701,142,2022_00-0035823,Ben Ellefson,TE,0.1,0.1,0.1,0.1,0.1,0.1,0,0.1,,
703,144,2022_00-0036250,Tyler Davis,TE,0.1,0.1,0.1,0.1,0.1,0.1,0,0.1,,
704,145,2022_00-0025418,Greg Olsen,TE,0.1,0.1,0.1,0.1,0.1,0.1,0,0.1,,
705,303,2022_00-0030085,Kenny Stills,WR,0.1,0.1,0.1,0.1,0.1,0.1,0,0.1,,
706,146,2022_00-0031690,Eric Tomlinson,TE,0.1,0.1,0.1,0.1,0.1,0.1,0,0.1,,
707,147,2022_00-0032098,Daniel Brown,TE,0.1,0.1,0.1,0.1,0.1,0.1,0,0.1,,
708,148,2022_00-0032394,Nick Vannett,TE,0.1,0.1,0.1,0.1,0.1,0.1,0,0.1,,
709,149,2022_00-0031484,Chris Manhertz,TE,0.1,0.1,0.1,0.1,0.1,0.1,0,0.1,,
710,205,2022_00-0034331,Jaylen Samuels,RB,0.1,0.1,0.1,0.1,0.1,0.1,0,0.1,,
711,150,2022_00-0032725,Stephen Anderson,TE,0.1,0.1,0.1,0.1,0.1,0.1,0,0.1,,
712,151,2022_00-0031585,MyCole Pruitt,TE,0.1,0.1,0.1,0.1,0.1,0.1,0,0.1,,
713,152,2022_00-0030549,Tyler Eifert,TE,0.1,0.1,0.1,0.1,0.1,0.1,0,0.1,,
714,153,2022_00-0030089,Luke Willson,TE,0.1,0.1,0.1,0.1,0.1,0.1,0,0.1,,
715,2,2022_00-0036100,Isaiah Zuber,,0.1,0.1,0.1,0.1,0.1,0.1,0,0.1,,
716,3,2022_00-0035912,LeVante Bellamy,,0.1,0.1,0.1,0.1,0.1,0.1,0,0.1,,
717,206,2022_00-0032104,Ameer Abdullah,RB,0.1,0.1,0.1,0.1,0.1,0.1,0,0.1,,
718,154,2022_00-0033246,Johnny Mundt,TE,0.1,0.1,0.1,0.1,0.1,0.1,0,0.1,,
719,155,2022_00-0031598,Nick Boyle,TE,0,0.1,0.1,0.1,0.1,0.1,0,0.1,,
730,304,2022_00-0033555,Mack Hollins,WR,0,0,0,0.1,0.1,0.1,0,0.1,,
612,95,2022_00-0034159,Will Dissly,TE,0.1,0.1,0.1,0.2,0.2,0.1,-0.1,0.1,,
637,196,2022_00-0033854,Dare Ogunbowale,RB,0.1,0.1,0.1,0.2,0.2,0.1,-0.1,0.1,,
731,165,2022_00-0030470,Vance McDonald,TE,0,0,0,0,0,0,0,0,,
721,157,2022_00-0032214,Tyler Kroft,TE,0.1,0,0,0,0,0,0,0,,
722,158,2022_00-0035660,Kahale Warring,TE,0.1,0,0,0,0,0,0,0,,
723,159,2022_00-0033258,Darrell Daniels,TE,0.1,0,0,0,0,0,0,0,,
724,160,2022_00-0030710,Trey Burton,TE,0,0,0,0,0,0,0,0,,
725,4,2022_00-0035957,Rodney Smith,,0,0,0,0,0,0,0,0,,
726,161,2022_00-0024243,Marcedes Lewis,TE,0,0,0,0,0,0,0,0,,
727,162,2022_00-0030216,Josh Hill,TE,0,0,0,0,0,0,0,0,,
728,163,2022_00-0028042,Luke Stocker,TE,0,0,0,0,0,0,0,0,,
729,164,2022_00-0030443,Levine Toilolo,TE,0,0,0,0,0,0,0,0,,
732,5,2022_00-0036142,Isaiah Wright,,0,0,0,0,0,0,0,0,,
733,166,2022_00-0033387,Jacob Hollister,TE,0,0,0,0,0,0,0,0,,
734,167,2022_00-0032135,Jesse James,TE,0,0,0,0,0,0,0,0,,
735,207,2022_00-0030513,Latavius Murray,RB,0,0,0,0,0,0,0,0,,
736,305,2022_00-0033094,Marvin Hall,WR,0,0,0,0,0,0,0,0,,
737,168,2022_00-0032986,J.P. Holtz,TE,0,0,0,0,0,0,0,0,,
738,169,2022_00-0032141,Geoff Swaim,TE,0,0,0,0,0,0,0,0,,
739,170,2022_00-0032062,Blake Bell,TE,0,0,0,0,0,0,0,0,,
740,6,2022_00-0028149,Bruce Miller,,0,0,0,0,0,0,0,0,,
741,171,2022_00-0033095,Garrett Griffin,TE,0,0,0,0,0,0,0,0,,
742,172,2022_00-0031951,James O'Shaughnessy,TE,0,0,0,0,0,0,0,0,,
743,173,2022_00-0031384,Richard Rodgers,TE,0,0,0,0,0,0,0,0,,
744,174,2022_00-0030155,Demetrius Harris,TE,0,0,0,0,0,0,0,0,,
745,175,2022_00-0029738,Darren Fells,TE,0,0,0,0,0,0,0,0,,
746,176,2022_00-0030108,Ryan Griffin,TE,0,0,0,0,0,0,0,0,,
698,306,2022_00-0030525,Tavon Austin,WR,0.1,0.1,0,0,0,0,0,0,,
